Customer_ID,Name,Age,Gender,Employment_Type,Monthly_Salary_INR,Loan_Amount_INR,Loan_Term_Months,Credit_Score,Debt_to_Income_Percent,Existing_EMI_INR,Missed_Payments_12M,Previous_Default,Credit_Utilization_Percent,Employment_Years,Savings_INR,Collateral_Value_INR,Loan_Purpose,Default
LNDF0001,Aarav Sharma,59,Female,Salaried,41471,282152,60,541,18.2,5341,2,0,97.0,10.7,49121,317611,Business,1
LNDF0002,Vivaan Joshi,49,Male,Self-Employed,44010,570688,48,678,23.7,13273,0,0,50.3,1.2,85812,637902,Personal,0
LNDF0003,Aditya Bansal,35,Male,Contract,66408,183934,36,688,31.7,5682,4,0,57.2,7.2,174135,0,Vehicle,1
LNDF0004,Arjun Mehta,28,Female,Contract,46162,159820,60,749,35.9,3086,1,0,59.9,12.3,502441,108886,Home,0
LNDF0005,Rohan Sinha,41,Male,Self-Employed,31551,478037,24,732,36.6,22871,1,0,9.7,3.1,323764,0,Home,0
LNDF0006,Rahul Gupta,59,Male,Self-Employed,33536,674160,60,733,60.2,12504,2,1,36.0,11.5,22090,981626,Personal,1
LNDF0007,Karan Chauhan,39,Male,Salaried,70058,1225955,36,617,57.7,36251,1,0,33.7,11.3,138402,0,Home,1
LNDF0008,Nikhil Patel,43,Female,Self-Employed,29842,1892196,12,710,53.2,120000,1,0,63.4,2.1,275438,0,Vehicle,1
LNDF0009,Vikram Mishra,31,Female,Self-Employed,103137,1033319,48,783,70.2,24847,3,0,60.8,8.4,87619,0,Personal,0
LNDF0010,Yash Kumar,31,Female,Salaried,40312,745868,24,705,46.5,34771,3,0,42.3,7.6,81719,0,Education,0
LNDF0011,Ananya Malhotra,44,Male,Salaried,72576,545984,24,799,50.5,25311,2,0,32.4,6.3,91900,712337,Personal,0
LNDF0012,Pooja Singh,56,Female,Self-Employed,41415,215386,36,811,46.3,6811,2,0,7.9,0.9,136425,316515,Personal,0
LNDF0013,Riya Kapoor,60,Female,Contract,36433,461410,12,663,44.0,44666,1,0,44.7,5.9,74573,381119,Personal,0
LNDF0014,Sneha Verma,44,Male,Salaried,61441,1016698,24,635,40.5,47944,1,1,24.0,6.4,325999,0,Education,1
LNDF0015,Kavya Agarwal,23,Female,Salaried,88291,819474,12,631,29.4,78476,1,1,21.3,0.2,82957,0,Medical,1
LNDF0016,Simran Sharma,42,Male,Salaried,49206,246441,36,581,17.5,7869,0,1,65.4,1.8,70839,139245,Personal,1
LNDF0017,Meera Joshi,22,Male,Salaried,53403,700870,24,646,33.2,32016,1,0,63.1,3.3,125730,0,Education,1
LNDF0018,Isha Bansal,44,Male,Salaried,79097,668626,48,758,42.9,15123,1,0,34.3,2.8,681286,383408,Vehicle,0
LNDF0019,Priya Mehta,50,Male,Salaried,80284,606102,24,537,36.0,29147,1,0,10.5,8.3,288793,733344,Business,1
LNDF0020,Neha Sinha,58,Female,Salaried,54056,492398,60,613,20.1,9019,3,0,26.8,10.6,305801,0,Education,1
LNDF0021,Aarav Gupta,22,Female,Self-Employed,45050,721029,60,672,32.7,14029,2,0,66.9,5.8,232894,494220,Personal,1
LNDF0022,Vivaan Chauhan,41,Female,Salaried,57084,733722,36,623,31.9,21585,0,0,55.3,10.1,76759,854785,Business,0
LNDF0023,Aditya Patel,53,Male,Salaried,50472,351358,48,646,34.1,7741,5,0,34.6,10.8,101180,0,Home,1
LNDF0024,Arjun Mishra,32,Female,Salaried,63318,642178,48,647,41.9,15660,0,0,46.3,6.7,86831,0,Home,1
LNDF0025,Rohan Kumar,42,Female,Salaried,32134,450537,60,663,44.9,8517,0,0,5.0,8.6,480756,673756,Education,0
LNDF0026,Rahul Malhotra,45,Male,Self-Employed,62306,220661,36,633,28.0,6738,6,0,5.0,6.1,234806,0,Education,1
LNDF0027,Karan Singh,47,Male,Salaried,39809,367133,24,627,48.7,17564,2,0,88.5,2.5,40140,284902,Business,1
LNDF0028,Nikhil Kapoor,48,Female,Salaried,82680,211575,48,741,50.8,5013,2,0,56.1,4.0,665371,294227,Home,0
LNDF0029,Vikram Verma,36,Male,Salaried,40639,857190,36,748,39.5,26646,0,0,45.0,8.3,133513,0,Medical,0
LNDF0030,Yash Agarwal,35,Female,Salaried,40957,608105,36,590,44.3,17954,3,0,36.3,6.5,324082,728210,Personal,1
LNDF0031,Ananya Sharma,23,Male,Self-Employed,67206,411204,36,501,48.8,13199,0,0,6.2,9.9,464082,175031,Vehicle,1
LNDF0032,Pooja Joshi,57,Male,Salaried,55353,1092141,60,749,19.6,21162,0,0,66.9,0.0,17941,646559,Education,0
LNDF0033,Riya Bansal,27,Female,Self-Employed,153213,519051,60,600,49.8,9277,0,0,20.0,0.4,270993,0,Personal,0
LNDF0034,Sneha Mehta,41,Male,Salaried,26421,227565,24,694,23.9,11004,0,0,60.5,0.9,143400,181363,Education,0
LNDF0035,Kavya Sinha,29,Male,Salaried,57787,392641,24,578,25.3,19045,2,0,47.9,7.7,20354,511434,Personal,1
LNDF0036,Simran Gupta,59,Male,Self-Employed,91439,1227430,24,764,37.7,57353,0,1,43.9,1.5,64954,998754,Business,0
LNDF0037,Meera Chauhan,38,Female,Self-Employed,42398,345985,48,845,5.0,8183,0,0,16.3,8.3,119559,458095,Business,0
LNDF0038,Isha Patel,24,Female,Contract,36510,581715,48,692,37.5,13327,3,0,16.6,10.0,385308,0,Business,1
LNDF0039,Priya Mishra,45,Female,Salaried,37168,752755,36,674,48.7,22721,1,0,53.6,13.1,153599,661740,Vehicle,0
LNDF0040,Neha Kumar,34,Male,Salaried,26628,691650,36,659,12.0,21976,1,0,46.7,12.6,205669,0,Personal,0
LNDF0041,Aarav Malhotra,29,Male,Self-Employed,100958,1923325,36,731,50.2,62083,1,0,46.0,4.2,130639,0,Personal,0
LNDF0042,Vivaan Singh,46,Male,Salaried,47418,261816,36,717,25.2,8255,0,0,51.3,0.3,479177,0,Medical,0
LNDF0043,Aditya Kapoor,22,Male,Self-Employed,44958,276595,36,745,37.9,8578,3,0,5.0,4.5,287690,188753,Vehicle,0
LNDF0044,Arjun Verma,40,Female,Self-Employed,21147,264210,48,639,27.2,5893,2,0,67.3,10.9,208414,283332,Personal,0
LNDF0045,Rohan Agarwal,48,Female,Contract,28852,424900,60,702,43.0,7485,1,0,37.2,5.4,64337,321731,Vehicle,1
LNDF0046,Rahul Sharma,27,Male,Self-Employed,106352,915313,60,645,49.3,16902,1,0,70.7,6.9,200500,584543,Personal,1
LNDF0047,Karan Joshi,28,Female,Salaried,63038,283484,60,611,44.1,4991,2,0,5.0,4.8,2200944,139874,Business,1
LNDF0048,Nikhil Bansal,55,Female,Salaried,92968,922379,36,677,34.9,28799,1,0,57.5,13.3,368226,0,Vehicle,0
LNDF0049,Vikram Mehta,34,Female,Salaried,87824,509754,36,620,28.3,15572,1,0,57.3,2.9,92531,698513,Home,0
LNDF0050,Yash Sinha,37,Male,Salaried,35060,271690,48,756,34.0,6500,1,0,12.3,7.3,953530,213693,Education,0
LNDF0051,Ananya Gupta,56,Female,Salaried,164147,190825,60,624,44.2,3466,2,1,30.9,11.4,88935,192339,Vehicle,1
LNDF0052,Pooja Chauhan,60,Female,Salaried,132252,215820,24,704,44.7,10135,1,0,21.7,14.4,342349,238772,Vehicle,0
LNDF0053,Riya Patel,24,Female,Self-Employed,42676,346675,36,641,42.7,10784,1,1,64.0,4.2,172669,0,Business,1
LNDF0054,Sneha Mishra,22,Female,Contract,18000,455582,24,698,17.0,19943,0,0,51.8,10.8,212061,634936,Business,0
LNDF0055,Kavya Kumar,26,Female,Salaried,46847,1048319,36,646,34.7,30850,1,1,80.2,4.5,219182,0,Business,1
LNDF0056,Simran Malhotra,24,Male,Salaried,61226,775964,36,598,26.1,23446,0,0,49.5,12.5,144048,0,Personal,1
LNDF0057,Meera Singh,49,Female,Self-Employed,42600,315195,36,711,44.3,10197,1,0,61.1,13.9,126792,0,Education,0
LNDF0058,Isha Kapoor,38,Female,Self-Employed,49782,626015,12,665,24.3,55773,2,1,70.8,3.4,55026,863865,Business,1
LNDF0059,Priya Verma,46,Male,Self-Employed,37881,1240114,36,699,41.3,39354,0,0,57.2,9.6,65395,0,Home,0
LNDF0060,Neha Agarwal,54,Female,Salaried,83268,1401450,60,652,31.0,27481,2,0,36.5,11.5,243112,1006005,Vehicle,1
LNDF0061,Aarav Sharma,30,Male,Self-Employed,56598,420601,24,594,8.7,20202,1,0,32.5,5.8,97370,0,Education,0
LNDF0062,Vivaan Joshi,56,Male,Salaried,84396,846971,48,750,48.0,19085,4,0,43.2,9.2,79356,788050,Medical,0
LNDF0063,Aditya Bansal,34,Male,Contract,95328,1073934,36,728,34.6,34846,2,0,62.5,9.4,2292844,1267758,Medical,0
LNDF0064,Arjun Mehta,51,Male,Contract,20674,218267,60,643,52.9,3864,3,0,28.1,15.0,1691494,0,Home,1
LNDF0065,Rohan Sinha,35,Female,Self-Employed,38885,377203,24,685,11.7,17459,2,1,59.3,0.0,303596,0,Vehicle,1
LNDF0066,Rahul Gupta,28,Female,Salaried,41534,1695306,60,748,30.9,32928,2,0,52.1,6.8,344577,2203144,Personal,0
LNDF0067,Karan Chauhan,34,Male,Self-Employed,174941,423705,36,650,32.0,13339,0,1,17.4,2.0,86642,574489,Education,1
LNDF0068,Nikhil Patel,43,Female,Salaried,58814,99852,60,660,38.8,1837,4,1,58.3,7.1,61945,0,Business,1
LNDF0069,Vikram Mishra,60,Male,Salaried,79280,467818,60,696,16.4,8484,0,0,48.1,3.9,132510,355543,Vehicle,0
LNDF0070,Yash Kumar,41,Female,Self-Employed,23595,928112,24,650,42.6,42491,1,0,32.9,6.0,180048,1087663,Medical,0
LNDF0071,Ananya Malhotra,36,Female,Salaried,58661,501794,12,736,61.8,46674,1,0,47.8,3.5,341971,0,Home,0
LNDF0072,Pooja Singh,38,Male,Salaried,85419,741043,24,669,41.6,33701,1,0,33.7,7.6,34662,0,Education,0
LNDF0073,Riya Kapoor,44,Female,Self-Employed,81062,837675,36,629,36.3,27363,1,0,50.4,11.3,1243244,0,Business,1
LNDF0074,Sneha Verma,46,Male,Self-Employed,72811,411329,24,720,15.7,20075,0,0,41.3,5.5,225018,0,Education,0
LNDF0075,Kavya Agarwal,45,Female,Self-Employed,55323,375757,24,606,24.2,18211,0,0,11.3,12.7,44582,395927,Home,0
LNDF0076,Simran Sharma,49,Female,Salaried,56545,544028,36,811,34.2,16696,1,0,42.0,11.2,207407,0,Medical,0
LNDF0077,Meera Joshi,35,Female,Self-Employed,25671,551359,12,783,27.6,52373,0,0,35.3,15.1,79898,291230,Vehicle,0
LNDF0078,Isha Bansal,21,Male,Salaried,36675,515094,24,713,49.4,25054,0,0,59.0,8.6,75014,528995,Business,0
LNDF0079,Priya Mehta,45,Male,Self-Employed,61023,526865,36,708,42.5,16985,1,0,64.4,6.8,69186,0,Medical,0
LNDF0080,Neha Sinha,27,Male,Salaried,39851,331261,12,705,72.7,30472,1,0,33.8,0.7,142896,374354,Vehicle,0
LNDF0081,Aarav Gupta,29,Female,Self-Employed,74987,755414,36,648,21.3,22339,2,0,27.6,3.9,1194402,658965,Vehicle,0
LNDF0082,Vivaan Chauhan,44,Male,Salaried,67856,695190,36,699,35.5,20466,3,1,8.0,6.2,195656,927153,Home,1
LNDF0083,Aditya Patel,21,Male,Contract,101763,239800,36,620,15.6,7494,3,0,27.1,6.6,336116,301210,Medical,0
LNDF0084,Arjun Mishra,28,Male,Salaried,84652,403658,60,713,5.0,7626,2,0,37.9,16.4,418895,0,Vehicle,0
LNDF0085,Rohan Kumar,44,Female,Self-Employed,60922,526263,36,736,45.1,16964,0,0,15.5,6.2,158013,616155,Vehicle,0
LNDF0086,Rahul Malhotra,31,Female,Salaried,77009,372686,36,655,42.0,11264,1,1,64.6,0.0,63310,378849,Business,1
LNDF0087,Karan Singh,37,Female,Self-Employed,86455,709927,36,641,23.0,21136,1,0,50.8,9.7,42695,331696,Business,0
LNDF0088,Nikhil Kapoor,28,Female,Salaried,43772,481941,48,601,36.3,11037,2,0,42.4,9.4,127008,540275,Education,0
LNDF0089,Vikram Verma,55,Male,Salaried,47424,548725,60,775,26.2,10023,1,1,44.6,5.2,503961,501323,Education,0
LNDF0090,Yash Agarwal,55,Female,Salaried,52655,401103,60,646,28.1,7134,0,0,51.7,15.5,417719,0,Vehicle,0
LNDF0091,Ananya Sharma,53,Male,Self-Employed,44405,167057,48,667,30.5,3959,2,0,58.9,0.0,226716,136473,Business,1
LNDF0092,Pooja Joshi,25,Female,Salaried,86868,161890,24,700,22.4,7529,4,0,62.8,12.0,255430,0,Home,1
LNDF0093,Riya Bansal,59,Male,Salaried,41473,691521,36,698,25.0,21970,2,1,38.2,5.8,159145,466359,Personal,0
LNDF0094,Sneha Mehta,48,Male,Salaried,96600,579062,12,729,25.4,52880,1,0,41.9,3.2,116702,433285,Vehicle,0
LNDF0095,Kavya Sinha,27,Female,Self-Employed,46628,636429,60,655,40.9,11587,1,0,48.8,16.6,92628,928769,Medical,1
LNDF0096,Simran Gupta,29,Male,Salaried,68027,538382,48,606,5.0,12466,1,0,41.0,9.9,47878,695142,Business,0
LNDF0097,Meera Chauhan,28,Male,Contract,59277,562629,48,595,31.8,13644,4,0,64.2,5.8,907206,233770,Home,1
LNDF0098,Isha Patel,32,Male,Contract,35451,851987,36,642,19.8,24974,1,0,72.0,5.7,209970,1189986,Vehicle,0
LNDF0099,Priya Mishra,54,Male,Salaried,54510,638517,60,618,20.3,12288,1,0,52.6,8.1,120873,414597,Vehicle,1
LNDF0100,Neha Kumar,53,Female,Salaried,63910,886347,24,660,27.6,40549,0,0,25.0,5.2,927049,1042810,Home,0
LNDF0101,Aarav Malhotra,43,Female,Self-Employed,53432,549447,12,765,34.8,53164,1,0,56.2,12.2,1100743,0,Personal,0
LNDF0102,Vivaan Singh,44,Male,Contract,30058,423858,36,655,32.0,13590,2,0,53.4,7.4,2129408,0,Business,0
LNDF0103,Aditya Kapoor,57,Female,Self-Employed,118271,556362,36,655,20.1,16928,2,0,23.2,11.1,143949,661912,Home,0
LNDF0104,Arjun Verma,55,Male,Salaried,57214,315674,36,679,45.1,9998,1,0,53.4,7.8,197881,0,Medical,0
LNDF0105,Rohan Agarwal,60,Male,Salaried,38471,405732,60,654,22.4,7241,2,0,33.0,10.5,323376,0,Home,0
LNDF0106,Rahul Sharma,42,Female,Salaried,114055,551296,24,676,24.7,26796,1,0,61.4,12.4,803457,615855,Personal,0
LNDF0107,Karan Joshi,47,Male,Salaried,72614,547292,36,715,39.0,16762,0,0,56.0,13.7,190333,0,Medical,1
LNDF0108,Nikhil Bansal,55,Female,Salaried,32049,471575,36,738,39.5,14530,2,0,49.9,9.0,74287,0,Vehicle,0
LNDF0109,Vikram Mehta,21,Male,Salaried,34374,233016,36,745,26.4,7390,1,0,45.8,3.5,91370,208937,Medical,0
LNDF0110,Yash Sinha,55,Female,Salaried,49762,709552,48,814,5.0,17099,1,0,5.0,6.3,519385,0,Medical,0
LNDF0111,Ananya Gupta,57,Female,Salaried,62873,791107,48,717,22.6,17812,1,0,18.3,6.9,314785,0,Business,0
LNDF0112,Pooja Chauhan,34,Male,Salaried,72791,1234767,48,825,37.3,29222,1,0,42.1,4.7,154059,909746,Business,0
LNDF0113,Riya Patel,23,Female,Salaried,84345,637520,60,630,44.6,11698,3,1,78.4,4.0,145205,359208,Vehicle,1
LNDF0114,Sneha Mishra,21,Male,Self-Employed,70115,500402,48,816,33.9,11446,2,0,57.4,7.7,154066,0,Business,0
LNDF0115,Kavya Kumar,25,Female,Salaried,100823,286415,24,655,28.3,13601,3,0,84.9,3.1,548996,0,Vehicle,1
LNDF0116,Simran Malhotra,46,Male,Salaried,58229,1135942,48,662,67.1,26040,0,1,46.8,2.3,88491,968475,Home,1
LNDF0117,Meera Singh,34,Female,Salaried,39075,573017,36,672,29.8,17429,1,0,44.3,0.2,60394,448138,Home,0
LNDF0118,Isha Kapoor,59,Female,Salaried,54917,556108,24,666,43.6,26848,3,0,76.4,8.9,923421,0,Medical,1
LNDF0119,Priya Verma,47,Female,Salaried,53319,434796,12,686,16.3,38522,0,0,41.5,8.4,184105,179713,Business,0
LNDF0120,Neha Agarwal,29,Male,Salaried,18000,419778,48,642,19.7,9951,3,0,23.3,5.7,167597,0,Personal,1
LNDF0121,Aarav Sharma,35,Female,Salaried,42722,730081,48,734,44.1,16462,0,0,52.0,11.0,329261,974396,Home,0
LNDF0122,Vivaan Joshi,35,Male,Self-Employed,63353,285093,24,644,49.6,12497,0,0,69.7,3.0,73917,420751,Medical,0
LNDF0123,Aditya Bansal,46,Female,Salaried,45442,1222430,48,723,29.5,27293,1,0,26.8,8.5,353684,701351,Education,0
LNDF0124,Arjun Mehta,33,Female,Salaried,41122,1084363,60,779,9.1,20402,0,0,58.0,7.2,127549,1072510,Personal,0
LNDF0125,Rohan Sinha,52,Male,Self-Employed,82885,411527,24,657,32.7,19585,0,0,42.9,4.0,495745,602050,Personal,0
LNDF0126,Rahul Gupta,59,Female,Salaried,36412,310904,24,732,37.7,13637,2,1,54.9,5.0,45268,0,Education,0
LNDF0127,Karan Chauhan,52,Male,Self-Employed,75759,165049,48,716,36.4,3627,0,0,51.9,4.7,270036,0,Business,0
LNDF0128,Nikhil Patel,24,Male,Salaried,30193,251220,36,826,27.1,8146,1,0,35.9,8.0,146181,356607,Business,0
LNDF0129,Vikram Mishra,50,Male,Salaried,190505,746996,36,647,32.9,21985,0,0,42.7,9.4,95467,0,Home,0
LNDF0130,Yash Kumar,57,Male,Salaried,49913,594693,24,732,24.5,28898,0,0,37.2,5.3,360383,337288,Vehicle,0
LNDF0131,Ananya Malhotra,43,Male,Contract,47554,655972,36,574,19.4,19673,1,0,47.6,4.2,157507,546321,Business,1
LNDF0132,Pooja Singh,59,Female,Salaried,91993,181189,48,648,45.6,4327,0,0,26.4,7.5,273792,83691,Home,0
LNDF0133,Riya Kapoor,35,Male,Salaried,45555,402184,48,703,36.4,9135,1,0,31.6,0.4,562335,352288,Vehicle,0
LNDF0134,Sneha Verma,49,Female,Salaried,105853,1060619,48,771,32.9,25668,2,0,35.9,7.1,366978,0,Home,0
LNDF0135,Kavya Agarwal,56,Male,Salaried,65011,474278,60,600,27.9,9020,1,0,53.6,13.2,68076,0,Vehicle,1
LNDF0136,Simran Sharma,33,Male,Contract,52146,248352,48,731,32.5,5703,1,0,13.9,4.2,110541,276213,Personal,0
LNDF0137,Meera Joshi,52,Female,Salaried,49704,470232,48,676,37.2,10384,2,1,42.6,6.3,272141,0,Vehicle,1
LNDF0138,Isha Bansal,27,Female,Self-Employed,94703,327192,12,581,59.2,31226,6,1,29.4,11.1,367766,188965,Home,1
LNDF0139,Priya Mehta,42,Male,Salaried,61011,600722,36,692,44.2,18859,1,0,35.9,10.0,126608,248956,Home,0
LNDF0140,Neha Sinha,48,Male,Self-Employed,66811,505682,12,791,25.7,44263,0,0,30.5,7.2,215083,659128,Business,0
LNDF0141,Aarav Gupta,22,Female,Salaried,70160,674129,48,607,25.8,14764,5,0,49.3,6.8,213874,0,Medical,1
LNDF0142,Vivaan Chauhan,26,Female,Self-Employed,58391,255891,36,673,23.6,8211,0,0,41.5,2.1,242443,166906,Vehicle,0
LNDF0143,Aditya Patel,48,Male,Salaried,69496,390651,36,616,32.2,11760,1,1,60.7,9.0,62296,0,Home,1
LNDF0144,Arjun Mishra,48,Male,Self-Employed,52148,910822,36,650,23.6,28658,3,0,53.8,1.6,50372,1167298,Business,1
LNDF0145,Rohan Kumar,40,Male,Self-Employed,53781,237402,48,773,41.6,5485,0,0,11.2,0.0,23562,235638,Personal,0
LNDF0146,Rahul Malhotra,50,Female,Salaried,33239,287982,60,662,5.0,5578,1,1,23.9,11.0,197940,0,Personal,0
LNDF0147,Karan Singh,31,Male,Self-Employed,62886,557923,36,771,42.5,18120,1,0,41.2,8.5,52730,387145,Medical,0
LNDF0148,Nikhil Kapoor,48,Female,Self-Employed,25369,585408,60,752,38.9,11509,1,0,44.1,10.5,1231527,0,Business,0
LNDF0149,Vikram Verma,45,Female,Self-Employed,62485,382122,36,656,52.7,11357,1,0,25.8,4.1,324297,0,Education,0
LNDF0150,Yash Agarwal,59,Male,Salaried,48475,429006,36,647,47.3,13850,0,0,73.7,8.9,62133,0,Business,1
LNDF0151,Ananya Sharma,53,Male,Salaried,65098,670405,60,622,25.4,12118,0,0,64.0,5.2,499983,791127,Home,1
LNDF0152,Pooja Joshi,21,Female,Self-Employed,34307,797839,36,619,45.7,24973,1,0,8.8,5.7,501050,1073998,Business,0
LNDF0153,Riya Bansal,47,Male,Salaried,21192,277699,60,703,32.6,5164,2,0,52.6,10.9,539050,0,Vehicle,0
LNDF0154,Sneha Mehta,33,Male,Salaried,46967,610931,24,679,7.9,26788,1,0,44.0,6.4,86981,0,Personal,0
LNDF0155,Kavya Sinha,23,Female,Contract,34352,1148506,12,639,37.2,112100,0,0,72.4,4.2,342889,0,Business,0
LNDF0156,Simran Gupta,59,Male,Salaried,24682,469124,60,579,26.3,8289,2,0,10.5,1.5,547333,426058,Medical,1
LNDF0157,Meera Chauhan,26,Female,Salaried,77705,276082,12,687,35.0,26216,1,0,90.3,8.4,740058,121083,Personal,0
LNDF0158,Isha Patel,28,Female,Salaried,113057,269147,60,649,58.1,5168,0,0,26.5,11.2,45677,342056,Education,1
LNDF0159,Priya Mishra,47,Male,Self-Employed,38425,457695,60,667,38.1,8798,1,0,53.3,3.9,147981,628019,Personal,1
LNDF0160,Neha Kumar,29,Female,Contract,53156,883882,24,700,20.8,39319,0,0,31.7,9.8,84213,1020569,Business,0
LNDF0161,Aarav Malhotra,57,Female,Contract,47886,488917,36,517,48.5,15050,0,0,36.7,3.2,963593,339697,Personal,1
LNDF0162,Vivaan Singh,53,Male,Self-Employed,40888,554843,24,580,40.1,26767,1,0,7.8,10.0,280033,297102,Home,1
LNDF0163,Aditya Kapoor,44,Female,Salaried,74144,289056,36,829,19.1,8747,1,0,71.3,7.1,401449,0,Education,0
LNDF0164,Arjun Verma,35,Male,Salaried,86652,858617,12,647,12.5,79480,1,0,39.1,8.1,276352,0,Business,0
LNDF0165,Rohan Agarwal,52,Female,Salaried,37206,266266,24,516,21.3,12043,1,0,40.6,4.2,252324,208383,Personal,1
LNDF0166,Rahul Sharma,52,Female,Salaried,56119,378848,36,586,46.7,11684,2,0,95.9,8.4,82764,165814,Home,1
LNDF0167,Karan Joshi,44,Female,Salaried,98040,707022,36,841,30.8,22888,0,0,66.1,4.6,120434,0,Home,0
LNDF0168,Nikhil Bansal,32,Female,Self-Employed,74993,162865,60,634,36.1,3011,2,0,30.3,5.3,191966,242496,Education,0
LNDF0169,Vikram Mehta,59,Female,Self-Employed,80182,550203,48,755,16.3,12864,2,0,31.6,0.9,100407,0,Personal,0
LNDF0170,Yash Sinha,22,Female,Salaried,101791,282342,48,688,47.1,6485,0,0,50.7,3.9,85038,0,Business,0
LNDF0171,Ananya Gupta,23,Female,Contract,101191,504572,36,648,6.8,15555,0,0,62.0,4.9,149582,0,Medical,1
LNDF0172,Pooja Chauhan,57,Male,Contract,87376,411981,48,730,25.8,9029,1,1,83.6,8.3,104410,0,Home,0
LNDF0173,Riya Patel,37,Female,Self-Employed,58707,1592113,36,525,40.9,48068,0,0,9.6,9.4,188254,897248,Vehicle,1
LNDF0174,Sneha Mishra,22,Male,Salaried,46303,402780,48,586,19.3,9287,0,0,61.0,4.6,120829,0,Education,1
LNDF0175,Kavya Kumar,22,Female,Salaried,57622,1377556,60,648,43.6,25999,3,0,64.5,6.3,97182,1435571,Business,1
LNDF0176,Simran Malhotra,48,Female,Salaried,43244,690511,36,593,22.8,21262,3,0,27.6,13.7,78108,937504,Vehicle,1
LNDF0177,Meera Singh,43,Male,Salaried,22845,321760,48,642,17.8,7333,2,0,37.1,7.5,180990,223798,Business,0
LNDF0178,Isha Kapoor,57,Male,Salaried,48500,599775,60,735,53.0,11000,4,0,9.1,4.9,400384,319890,Personal,0
LNDF0179,Priya Verma,52,Male,Contract,64600,422920,60,689,37.2,7623,0,0,34.0,0.3,323352,429143,Vehicle,0
LNDF0180,Neha Agarwal,53,Female,Salaried,42227,571232,48,766,42.3,13926,0,0,50.1,3.6,45547,339398,Medical,0
LNDF0181,Aarav Sharma,21,Male,Salaried,50430,337636,36,693,49.3,10484,1,0,80.1,3.4,390229,0,Business,0
LNDF0182,Vivaan Joshi,39,Female,Salaried,51317,1266745,36,745,5.0,37008,0,0,82.1,14.9,321303,0,Education,0
LNDF0183,Aditya Bansal,22,Female,Salaried,101283,831788,12,676,43.9,72957,0,0,22.4,3.6,400015,544038,Personal,0
LNDF0184,Arjun Mehta,46,Male,Salaried,46786,508817,48,642,24.3,12471,4,0,77.1,7.2,477330,426948,Home,1
LNDF0185,Rohan Sinha,52,Female,Salaried,101273,1294165,12,776,26.2,116344,6,0,5.0,8.5,93510,1362123,Personal,0
LNDF0186,Rahul Gupta,26,Male,Contract,18000,520850,60,634,41.1,10024,0,0,32.1,11.4,137433,0,Home,1
LNDF0187,Karan Chauhan,52,Male,Salaried,100874,914431,24,702,29.9,40295,0,0,38.4,7.0,901783,611944,Home,0
LNDF0188,Nikhil Patel,24,Male,Self-Employed,98609,510644,24,730,43.3,24889,0,0,50.5,5.0,854822,0,Medical,0
LNDF0189,Vikram Mishra,31,Male,Salaried,82545,620947,36,735,34.4,20072,0,0,47.3,4.7,168011,323433,Personal,0
LNDF0190,Yash Kumar,37,Female,Salaried,22242,478098,48,604,37.4,11198,0,0,53.0,8.4,309747,0,Personal,1
LNDF0191,Ananya Malhotra,58,Female,Salaried,86993,526907,24,748,28.1,23078,1,0,41.0,4.3,335123,560090,Education,0
LNDF0192,Pooja Singh,44,Male,Self-Employed,53773,549166,36,616,20.1,16529,1,0,66.1,2.6,875537,294214,Home,1
LNDF0193,Riya Kapoor,25,Male,Self-Employed,18000,345937,36,733,24.6,10598,2,0,60.2,5.0,245601,330501,Medical,0
LNDF0194,Sneha Verma,54,Female,Salaried,98644,401024,24,715,33.6,18544,1,0,38.6,1.7,60455,580261,Medical,0
LNDF0195,Kavya Agarwal,26,Female,Salaried,105342,443808,24,733,60.7,20132,0,1,63.5,14.4,117279,0,Business,0
LNDF0196,Simran Sharma,42,Male,Salaried,23343,567335,48,602,55.6,12461,1,0,90.5,9.4,3020386,0,Vehicle,1
LNDF0197,Meera Joshi,31,Female,Self-Employed,59518,491661,36,718,25.9,15388,1,0,30.2,13.5,57986,507535,Business,0
LNDF0198,Isha Bansal,36,Female,Salaried,102740,953154,12,751,35.8,88813,1,0,81.9,8.9,188332,0,Business,0
LNDF0199,Priya Mehta,53,Female,Salaried,95670,796736,48,693,31.0,18039,1,0,32.2,13.1,1443949,697871,Vehicle,0
LNDF0200,Neha Sinha,29,Female,Salaried,80123,448823,60,627,36.8,7891,1,0,76.0,8.5,87636,0,Personal,1
LNDF0201,Aarav Gupta,26,Male,Salaried,18000,1069118,36,740,38.6,35022,0,0,33.0,9.9,15468,1548491,Education,0
LNDF0202,Vivaan Chauhan,36,Female,Self-Employed,76373,1400759,36,687,42.4,43293,0,1,61.8,0.0,18252,0,Home,1
LNDF0203,Aditya Patel,49,Male,Self-Employed,49858,162472,60,571,5.0,3109,0,0,49.0,3.3,88073,149258,Business,1
LNDF0204,Arjun Mishra,23,Male,Salaried,86097,834946,60,622,40.1,15430,1,0,5.7,7.1,36830,1195549,Education,1
LNDF0205,Rohan Kumar,40,Male,Salaried,61720,341541,48,646,29.4,7511,2,0,87.1,7.2,457789,433107,Home,1
LNDF0206,Rahul Malhotra,56,Female,Salaried,54510,776673,36,778,25.1,23521,3,0,25.3,6.7,229129,1134694,Personal,0
LNDF0207,Karan Singh,39,Female,Salaried,73386,987957,36,766,46.1,29957,2,0,17.1,8.8,26377,0,Business,0
LNDF0208,Nikhil Kapoor,46,Male,Self-Employed,50906,308667,48,766,55.5,7453,2,0,30.9,9.0,42826,236798,Vehicle,0
LNDF0209,Vikram Verma,23,Female,Salaried,54402,180518,24,695,44.6,8537,3,0,98.0,10.5,549541,0,Business,1
LNDF0210,Yash Agarwal,39,Male,Salaried,42840,791632,36,739,27.7,23877,4,0,17.4,9.7,214176,0,Medical,0
LNDF0211,Ananya Sharma,40,Male,Salaried,26706,538657,48,606,19.9,13195,1,0,48.9,11.8,654077,0,Personal,1
LNDF0212,Pooja Joshi,52,Female,Self-Employed,71013,199730,48,680,5.0,4543,2,0,20.3,11.8,492782,0,Home,0
LNDF0213,Riya Bansal,27,Female,Salaried,38268,2009957,36,709,37.6,65869,1,1,24.1,7.7,63911,0,Business,0
LNDF0214,Sneha Mehta,53,Female,Self-Employed,50248,704888,48,610,43.1,17321,1,0,9.8,15.3,398110,0,Business,1
LNDF0215,Kavya Sinha,60,Male,Self-Employed,62582,722822,24,694,33.6,32372,1,0,51.9,12.4,298725,0,Vehicle,0
LNDF0216,Simran Gupta,59,Male,Self-Employed,21520,1059771,36,790,48.1,32107,1,0,41.5,3.8,30797,1423184,Business,0
LNDF0217,Meera Chauhan,38,Female,Self-Employed,23801,363273,48,716,16.5,8425,1,0,20.1,8.6,52835,0,Personal,0
LNDF0218,Isha Patel,60,Male,Salaried,48060,537193,24,740,32.6,25435,3,0,64.2,0.0,1614629,0,Business,0
LNDF0219,Priya Mishra,21,Male,Salaried,67484,242010,24,521,31.5,11280,1,0,66.5,0.3,78107,0,Medical,1
LNDF0220,Neha Kumar,31,Male,Contract,76873,357894,60,781,33.5,7015,4,0,54.0,5.0,260688,529726,Vehicle,0
LNDF0221,Aarav Malhotra,48,Female,Contract,26876,618144,24,668,51.4,29468,0,0,70.8,3.5,151619,502012,Personal,0
LNDF0222,Vivaan Singh,45,Female,Self-Employed,73246,200077,36,630,33.5,5989,1,0,37.3,5.0,212365,0,Vehicle,0
LNDF0223,Aditya Kapoor,43,Female,Self-Employed,49257,352358,60,669,30.9,6247,1,0,52.1,8.3,160920,0,Business,1
LNDF0224,Arjun Verma,51,Male,Salaried,36963,300139,48,583,21.9,7125,1,0,37.4,11.9,429072,224868,Vehicle,1
LNDF0225,Rohan Agarwal,50,Female,Salaried,41078,540643,48,748,53.6,12059,2,0,11.8,11.7,419074,572012,Home,0
LNDF0226,Rahul Sharma,55,Male,Contract,78899,685874,60,658,15.0,13173,3,0,49.8,8.7,200154,568510,Home,1
LNDF0227,Karan Joshi,27,Male,Self-Employed,62217,752042,24,632,27.3,34169,0,0,48.5,2.7,79753,0,Personal,0
LNDF0228,Nikhil Bansal,36,Male,Salaried,56259,866063,48,669,58.7,19712,1,0,44.3,4.8,107883,1044221,Business,1
LNDF0229,Vikram Mehta,46,Female,Salaried,61369,1063449,36,753,41.6,31059,5,0,53.2,9.5,43581,0,Home,0
LNDF0230,Yash Sinha,22,Male,Salaried,83511,698261,48,689,34.7,16600,0,0,76.1,3.7,133216,0,Personal,0
LNDF0231,Ananya Gupta,21,Female,Salaried,52649,1411831,36,588,35.3,41756,2,0,40.5,1.9,36715,0,Vehicle,1
LNDF0232,Pooja Chauhan,32,Male,Salaried,56361,533967,36,710,21.8,17064,2,1,23.9,9.0,219186,404273,Business,0
LNDF0233,Riya Patel,25,Female,Self-Employed,91791,454538,36,620,34.0,14065,1,1,39.5,6.8,234946,0,Home,1
LNDF0234,Sneha Mishra,57,Female,Salaried,47376,698285,36,540,30.1,22344,1,0,42.0,6.2,444826,0,Personal,1
LNDF0235,Kavya Kumar,52,Female,Self-Employed,72639,443892,48,777,37.5,10412,1,1,66.6,11.4,60032,331149,Vehicle,0
LNDF0236,Simran Malhotra,29,Female,Self-Employed,43845,1385088,36,710,13.9,40811,1,0,47.3,11.4,63815,1518970,Business,0
LNDF0237,Meera Singh,55,Female,Self-Employed,45613,931363,36,675,40.6,29740,0,0,19.7,14.1,709945,0,Home,0
LNDF0238,Isha Kapoor,39,Female,Self-Employed,52484,755410,36,658,49.2,22223,1,0,62.7,4.4,52515,0,Medical,1
LNDF0239,Priya Verma,36,Female,Salaried,69353,537478,36,771,32.1,16606,0,0,59.2,8.7,1140305,0,Education,0
LNDF0240,Neha Agarwal,23,Female,Self-Employed,94134,399613,48,850,44.1,8928,1,0,47.4,7.1,78371,341660,Personal,0
LNDF0241,Aarav Sharma,40,Male,Salaried,57442,735343,48,709,39.3,17584,1,0,65.9,8.4,78865,596095,Education,0
LNDF0242,Vivaan Joshi,44,Male,Contract,28006,268998,48,613,26.5,6548,1,1,69.5,2.5,384324,274659,Business,1
LNDF0243,Aditya Bansal,53,Male,Salaried,73075,1162709,60,670,20.2,21743,1,0,36.7,1.4,295128,0,Home,0
LNDF0244,Arjun Mehta,44,Male,Contract,165929,453460,48,708,22.1,10567,1,0,25.2,6.8,788664,0,Education,0
LNDF0245,Rohan Sinha,31,Male,Salaried,57756,591355,36,527,39.1,18879,2,0,44.7,3.6,32812,773402,Medical,1
LNDF0246,Rahul Gupta,28,Female,Salaried,25493,303180,48,702,34.2,6636,1,0,56.8,10.8,290972,236791,Business,0
LNDF0247,Karan Chauhan,56,Female,Salaried,59363,744156,60,708,52.9,14502,5,0,42.7,1.0,172704,0,Business,1
LNDF0248,Nikhil Patel,58,Female,Salaried,54925,389573,36,766,46.1,11640,1,0,23.3,1.3,68299,0,Personal,0
LNDF0249,Vikram Mishra,60,Female,Salaried,52886,714572,48,759,46.0,17536,3,1,48.6,5.3,978756,499343,Personal,0
LNDF0250,Yash Kumar,40,Female,Salaried,84164,758372,48,687,38.7,18102,2,0,5.0,0.8,222465,0,Home,0
LNDF0251,Ananya Malhotra,55,Male,Self-Employed,102264,350167,36,778,21.5,11192,1,0,37.9,13.7,170101,0,Personal,0
LNDF0252,Pooja Singh,45,Male,Salaried,74810,269527,24,812,39.6,12750,1,0,63.7,6.3,270849,262980,Vehicle,0
LNDF0253,Riya Kapoor,55,Female,Salaried,51803,1161135,36,682,35.9,35844,0,0,64.9,4.6,37994,1593502,Personal,0
LNDF0254,Sneha Verma,45,Male,Salaried,91276,449818,60,707,19.1,8429,0,1,5.0,8.9,58511,452913,Home,0
LNDF0255,Kavya Agarwal,49,Male,Salaried,28081,565819,48,565,51.9,12448,0,0,40.8,10.5,133433,609884,Personal,1
LNDF0256,Simran Sharma,38,Female,Self-Employed,39849,653024,36,586,50.4,20518,3,0,58.2,7.8,239300,0,Home,1
LNDF0257,Meera Joshi,38,Female,Salaried,41899,250905,60,626,19.0,4731,1,0,19.1,6.7,566869,297798,Medical,0
LNDF0258,Isha Bansal,22,Male,Contract,54239,644887,36,651,26.1,20885,1,0,36.8,3.1,81169,751587,Home,0
LNDF0259,Priya Mehta,55,Male,Salaried,69087,528017,36,609,27.3,16365,0,0,71.6,9.5,66088,551789,Home,0
LNDF0260,Neha Sinha,36,Female,Self-Employed,50250,350958,48,678,43.5,7751,1,0,34.3,12.7,282659,384751,Vehicle,0
LNDF0261,Aarav Gupta,56,Male,Self-Employed,36584,264678,48,653,41.9,6009,0,0,80.2,6.1,159278,0,Personal,1
LNDF0262,Vivaan Chauhan,53,Female,Self-Employed,85286,697739,24,750,35.6,33004,0,0,28.7,3.6,31938,1030670,Business,0
LNDF0263,Aditya Patel,24,Male,Salaried,49471,929689,36,649,38.8,27919,1,0,76.0,7.7,78761,1185221,Education,0
LNDF0264,Arjun Mishra,53,Male,Salaried,57587,551605,36,531,17.0,16647,1,0,45.7,7.0,152836,0,Home,1
LNDF0265,Rohan Kumar,34,Female,Salaried,70479,227159,36,688,40.3,7299,4,0,25.7,2.1,156675,124733,Medical,1
LNDF0266,Rahul Malhotra,41,Male,Self-Employed,55971,279520,36,679,33.6,8742,1,0,76.1,5.0,195162,0,Personal,0
LNDF0267,Karan Singh,40,Female,Salaried,56081,394232,36,624,25.5,12222,0,1,18.5,14.2,55850,476861,Home,0
LNDF0268,Nikhil Kapoor,28,Male,Contract,87448,1182220,24,686,13.5,53761,0,0,27.5,1.6,159979,0,Vehicle,0
LNDF0269,Vikram Verma,27,Male,Salaried,58877,436547,36,610,35.4,13885,3,0,55.8,4.2,422136,0,Home,1
LNDF0270,Yash Agarwal,23,Female,Salaried,81093,386409,12,701,40.0,35015,3,0,46.8,3.2,13384,538572,Vehicle,0
LNDF0271,Ananya Sharma,37,Male,Salaried,70276,199177,36,850,11.2,6339,4,0,51.0,3.6,139603,0,Home,0
LNDF0272,Pooja Joshi,53,Female,Salaried,136310,348428,60,563,35.3,6150,1,0,36.9,5.2,40334,236573,Home,1
LNDF0273,Riya Bansal,32,Female,Contract,66126,253786,48,646,36.7,6146,0,0,18.6,8.8,174853,0,Education,0
LNDF0274,Sneha Mehta,42,Male,Salaried,73290,287971,36,636,27.2,8919,1,0,30.7,12.2,46463,328599,Education,0
LNDF0275,Kavya Sinha,42,Female,Salaried,90295,534099,24,652,40.3,24635,0,0,74.0,7.8,203085,0,Education,0
LNDF0276,Simran Gupta,50,Female,Salaried,56597,401003,24,746,33.1,18871,1,0,15.6,4.3,778158,469843,Business,0
LNDF0277,Meera Chauhan,58,Female,Self-Employed,41277,1273253,36,715,39.0,40006,2,1,81.2,13.2,74548,0,Home,1
LNDF0278,Isha Patel,58,Male,Salaried,44432,904615,24,735,42.5,40224,0,0,51.9,0.0,84941,0,Home,0
LNDF0279,Priya Mishra,28,Female,Salaried,44625,357710,36,682,42.5,11410,2,0,31.9,9.7,117930,0,Education,0
LNDF0280,Neha Kumar,47,Female,Self-Employed,35862,301979,24,594,49.2,13663,1,1,5.0,2.9,239792,413977,Personal,1
LNDF0281,Aarav Malhotra,47,Male,Salaried,63456,1069623,60,608,39.7,20816,1,0,5.0,6.8,71939,689867,Business,1
LNDF0282,Vivaan Singh,54,Female,Salaried,41432,1245922,36,729,28.3,40019,1,0,37.2,9.3,127838,653114,Business,0
LNDF0283,Aditya Kapoor,41,Female,Salaried,60040,149571,24,691,25.9,6824,1,0,34.5,0.6,98535,172070,Medical,0
LNDF0284,Arjun Verma,50,Female,Self-Employed,51210,526199,48,762,20.1,12662,0,0,47.6,7.6,118283,465569,Education,0
LNDF0285,Rohan Agarwal,53,Male,Self-Employed,53979,435317,36,699,37.1,13257,2,0,82.8,7.9,242336,555574,Home,1
LNDF0286,Rahul Sharma,48,Male,Contract,70637,714529,24,603,53.5,31651,2,0,56.8,12.8,295573,962892,Vehicle,1
LNDF0287,Karan Joshi,53,Male,Self-Employed,43098,1455458,36,646,30.0,47506,2,0,42.2,17.9,47648,1936614,Vehicle,1
LNDF0288,Nikhil Bansal,25,Male,Contract,73320,383131,36,717,41.3,12078,3,0,71.8,0.8,241487,285168,Personal,1
LNDF0289,Vikram Mehta,39,Male,Salaried,111344,160971,48,726,24.5,3720,3,0,48.3,12.7,3053801,153904,Personal,0
LNDF0290,Yash Sinha,24,Male,Salaried,64183,687500,24,736,37.7,31559,0,0,80.2,6.8,722530,766670,Vehicle,0
LNDF0291,Ananya Gupta,55,Female,Salaried,38683,1073939,36,612,52.6,32582,2,0,30.2,3.8,101017,0,Vehicle,1
LNDF0292,Pooja Chauhan,37,Male,Salaried,41703,423071,36,602,44.6,13839,1,0,19.7,8.5,202688,188355,Home,0
LNDF0293,Riya Patel,48,Male,Self-Employed,49186,339284,24,668,13.0,15091,2,0,5.0,1.8,174642,320702,Education,0
LNDF0294,Sneha Mishra,50,Male,Self-Employed,42083,393120,60,774,43.0,7148,2,0,42.7,2.0,272181,162791,Personal,0
LNDF0295,Kavya Kumar,49,Male,Salaried,35209,798090,48,635,43.6,18508,0,0,17.8,0.1,123096,1153806,Home,1
LNDF0296,Simran Malhotra,26,Female,Salaried,58957,389418,36,710,37.4,12030,1,0,17.5,9.2,141277,0,Personal,0
LNDF0297,Meera Singh,55,Female,Self-Employed,49789,599099,36,710,44.3,18493,0,0,67.8,8.3,93244,366176,Vehicle,0
LNDF0298,Isha Kapoor,57,Male,Salaried,59902,507705,24,729,23.3,22695,2,0,7.1,3.7,482438,363683,Vehicle,0
LNDF0299,Priya Verma,44,Female,Salaried,93804,479694,60,788,35.9,8545,0,0,47.3,13.1,238133,0,Home,0
LNDF0300,Neha Agarwal,49,Male,Self-Employed,49451,735330,24,782,50.5,33185,2,0,43.2,4.3,239765,0,Business,0
LNDF0301,Aarav Sharma,51,Female,Salaried,32262,384287,12,641,49.3,37432,1,0,47.0,12.1,538883,485006,Vehicle,0
LNDF0302,Vivaan Joshi,55,Male,Contract,45963,394566,36,544,42.7,11669,1,0,75.5,7.5,546106,351754,Medical,1
LNDF0303,Aditya Bansal,53,Male,Contract,77791,775331,36,636,22.6,24734,0,0,26.8,4.3,460819,1047088,Education,0
LNDF0304,Arjun Mehta,41,Male,Salaried,74581,290557,36,685,20.4,9269,1,0,75.5,6.5,531554,341151,Home,0
LNDF0305,Rohan Sinha,52,Male,Salaried,69458,308119,12,656,36.6,29663,0,0,6.3,2.0,734624,131013,Vehicle,0
LNDF0306,Rahul Gupta,43,Female,Self-Employed,41522,249994,36,808,37.5,8092,1,0,59.3,7.9,75415,0,Medical,0
LNDF0307,Karan Chauhan,53,Male,Salaried,77145,797566,36,681,33.6,24020,3,0,77.5,7.1,137572,808565,Business,1
LNDF0308,Nikhil Patel,23,Female,Salaried,85365,471881,24,722,23.7,21219,0,1,5.0,9.1,340703,0,Business,0
LNDF0309,Vikram Mishra,38,Female,Contract,40221,242771,60,694,41.1,4493,3,0,44.2,10.5,81124,124355,Medical,0
LNDF0310,Yash Kumar,45,Female,Salaried,53981,799673,24,657,36.5,36134,1,0,42.4,7.5,129804,848676,Business,0
LNDF0311,Ananya Malhotra,51,Male,Salaried,136526,368360,36,555,39.1,11721,1,0,46.6,1.1,214419,0,Education,1
LNDF0312,Pooja Singh,23,Female,Salaried,39425,309570,48,675,43.3,7305,0,0,82.7,10.7,146326,426669,Business,0
LNDF0313,Riya Kapoor,60,Female,Salaried,25535,448983,36,850,31.2,14514,3,0,28.2,7.1,191019,557496,Home,0
LNDF0314,Sneha Verma,44,Female,Salaried,102477,1127667,36,599,28.2,33227,2,0,18.9,0.0,64206,909658,Home,1
LNDF0315,Kavya Agarwal,52,Male,Salaried,91726,402373,48,562,50.5,9799,1,0,46.7,8.2,173986,234911,Education,1
LNDF0316,Simran Sharma,42,Female,Salaried,44777,686114,24,806,24.4,31108,1,0,69.7,8.5,203076,283124,Business,0
LNDF0317,Meera Joshi,43,Male,Salaried,52273,745833,60,728,28.4,13845,1,0,57.3,5.6,770054,807922,Home,0
LNDF0318,Isha Bansal,22,Female,Contract,31694,638045,36,692,52.3,19620,3,0,45.8,6.2,141343,540256,Education,0
LNDF0319,Priya Mehta,47,Female,Self-Employed,57246,1005960,36,769,27.3,32102,2,0,40.0,4.6,100255,750680,Medical,0
LNDF0320,Neha Sinha,22,Male,Salaried,92944,338896,36,626,33.6,10399,4,0,5.0,8.7,341930,0,Home,1
LNDF0321,Aarav Gupta,46,Male,Salaried,43084,281681,36,673,29.2,9175,2,1,57.9,7.6,10337,257106,Business,1
LNDF0322,Vivaan Chauhan,37,Female,Salaried,81616,278656,48,742,10.0,6777,1,0,60.5,3.4,135280,341304,Vehicle,0
LNDF0323,Aditya Patel,60,Male,Self-Employed,67762,461809,48,817,33.3,11193,0,1,29.8,13.5,113365,0,Personal,0
LNDF0324,Arjun Mishra,53,Female,Self-Employed,71332,297000,48,604,20.9,6554,4,0,34.8,4.3,227645,0,Home,1
LNDF0325,Rohan Kumar,29,Female,Self-Employed,44230,542265,60,763,38.6,10493,3,0,21.9,0.0,552559,465979,Education,0
LNDF0326,Rahul Malhotra,59,Male,Salaried,46888,521626,48,705,50.5,12515,1,0,64.1,5.1,727133,590602,Business,0
LNDF0327,Karan Singh,49,Male,Salaried,23958,875525,36,691,5.0,25863,2,0,37.0,11.1,224800,0,Business,0
LNDF0328,Nikhil Kapoor,46,Male,Self-Employed,42620,586831,36,679,29.3,17344,2,0,41.7,6.2,44542,809541,Education,0
LNDF0329,Vikram Verma,55,Female,Contract,92842,397711,36,590,41.3,11745,1,0,58.8,0.5,113317,0,Vehicle,1
LNDF0330,Yash Agarwal,45,Female,Salaried,36203,626767,12,743,5.0,54919,3,0,52.2,2.9,125069,0,Business,0
LNDF0331,Ananya Sharma,44,Female,Salaried,38714,283724,48,629,53.7,6628,1,0,57.4,2.7,250498,399385,Home,1
LNDF0332,Pooja Joshi,33,Male,Salaried,73363,489621,36,610,40.3,16002,3,0,48.8,4.7,189347,414945,Business,1
LNDF0333,Riya Bansal,27,Male,Salaried,65929,596023,12,738,50.2,54985,1,0,49.3,6.0,96881,0,Education,0
LNDF0334,Sneha Mehta,56,Male,Salaried,75021,536858,12,731,27.1,50120,3,0,49.1,9.0,58351,272416,Personal,0
LNDF0335,Kavya Sinha,40,Female,Contract,32586,628222,36,685,28.8,20519,0,0,55.0,7.5,82371,799501,Vehicle,0
LNDF0336,Simran Gupta,21,Male,Self-Employed,174366,350858,36,750,32.7,10557,1,0,56.0,7.7,79690,458783,Home,0
LNDF0337,Meera Chauhan,28,Male,Self-Employed,31825,942207,36,773,64.9,30402,0,0,18.1,14.1,774623,0,Vehicle,0
LNDF0338,Isha Patel,36,Female,Contract,58953,1362125,36,765,53.5,42416,0,0,31.9,10.4,90041,0,Personal,0
LNDF0339,Priya Mishra,34,Male,Salaried,51210,207086,36,646,36.9,6466,2,1,40.5,10.1,190010,0,Business,0
LNDF0340,Neha Kumar,32,Male,Self-Employed,32244,256218,48,746,38.6,5843,0,0,54.9,0.0,430331,0,Medical,0
LNDF0341,Aarav Malhotra,43,Female,Self-Employed,46560,511989,24,694,43.9,23957,2,0,80.1,4.0,214512,417579,Vehicle,1
LNDF0342,Vivaan Singh,35,Female,Salaried,55580,434200,24,792,68.5,19168,5,0,27.1,0.6,67732,0,Vehicle,0
LNDF0343,Aditya Kapoor,48,Female,Self-Employed,41052,1418897,36,672,40.4,45302,2,0,64.3,3.9,436825,1182072,Home,1
LNDF0344,Arjun Verma,54,Female,Salaried,83855,564246,36,657,35.6,17037,1,0,32.5,10.2,247578,0,Home,1
LNDF0345,Rohan Agarwal,22,Female,Self-Employed,51142,1075465,12,640,30.3,104445,1,0,75.2,5.4,25179,434263,Vehicle,0
LNDF0346,Rahul Sharma,52,Female,Salaried,30077,161999,36,692,38.3,4940,1,0,87.1,11.3,552308,123637,Vehicle,0
LNDF0347,Karan Joshi,43,Male,Salaried,28950,782428,24,710,26.8,34837,1,0,6.5,9.8,395045,0,Education,0
LNDF0348,Nikhil Bansal,42,Male,Salaried,72248,337334,36,712,41.9,10687,1,0,37.8,7.2,244107,485636,Business,0
LNDF0349,Vikram Mehta,45,Female,Salaried,28171,334374,36,703,14.9,9951,2,0,5.0,11.4,783871,0,Vehicle,0
LNDF0350,Yash Sinha,42,Female,Salaried,63417,436161,36,724,31.4,13908,1,0,7.8,12.5,386982,0,Medical,0
LNDF0351,Ananya Gupta,42,Male,Salaried,67184,228397,48,666,45.3,5595,5,0,9.2,8.8,496759,97679,Home,1
LNDF0352,Pooja Chauhan,26,Female,Salaried,35143,637874,36,623,40.2,20400,0,0,58.7,7.9,457473,790895,Business,0
LNDF0353,Riya Patel,35,Female,Salaried,82119,555296,60,618,28.5,9745,2,0,54.6,9.5,355774,0,Business,1
LNDF0354,Sneha Mishra,57,Male,Salaried,25389,578833,36,743,31.8,18137,3,0,62.6,1.4,35915,382957,Business,1
LNDF0355,Kavya Kumar,53,Male,Self-Employed,62849,814419,36,711,49.5,25799,0,0,58.4,6.5,39990,0,Education,0
LNDF0356,Simran Malhotra,28,Female,Self-Employed,53998,1150254,48,559,18.1,27733,0,0,55.7,6.9,387112,0,Vehicle,1
LNDF0357,Meera Singh,25,Female,Self-Employed,52132,409349,48,751,18.1,9017,4,0,47.5,5.5,545358,0,Personal,0
LNDF0358,Isha Kapoor,59,Male,Contract,32372,650116,36,802,22.0,20089,4,0,42.1,3.8,95421,0,Medical,0
LNDF0359,Priya Verma,24,Female,Salaried,36078,587427,36,633,34.9,18269,2,0,67.4,11.0,66060,0,Education,0
LNDF0360,Neha Agarwal,26,Male,Salaried,113954,615415,12,702,16.0,54976,3,0,45.3,7.7,227999,0,Business,0
LNDF0361,Aarav Sharma,52,Male,Salaried,95026,620507,12,649,48.3,56462,1,0,56.6,8.0,48721,0,Home,1
LNDF0362,Vivaan Joshi,50,Female,Contract,76805,1199170,36,721,22.1,36882,0,0,5.0,12.7,154617,0,Education,0
LNDF0363,Aditya Bansal,55,Male,Self-Employed,83954,388303,36,604,38.1,12494,1,0,19.1,6.2,130760,306439,Home,1
LNDF0364,Arjun Mehta,60,Male,Salaried,80482,216038,36,675,26.9,7026,0,1,66.6,5.4,147075,238167,Education,1
LNDF0365,Rohan Sinha,36,Male,Salaried,47552,340623,24,744,34.1,16062,1,0,30.3,12.4,981365,0,Vehicle,0
LNDF0366,Rahul Gupta,33,Female,Salaried,56191,758320,48,760,12.6,17399,1,1,14.3,1.0,101734,417419,Home,0
LNDF0367,Karan Chauhan,50,Female,Salaried,28352,506457,60,708,49.0,9142,2,0,59.1,7.2,188864,673306,Personal,0
LNDF0368,Nikhil Patel,39,Female,Salaried,52824,386615,60,658,21.5,7588,3,0,45.0,4.0,55258,356732,Vehicle,0
LNDF0369,Vikram Mishra,37,Male,Contract,93679,276590,36,576,20.1,9049,2,0,36.0,8.2,419596,0,Vehicle,1
LNDF0370,Yash Kumar,39,Male,Salaried,40854,564712,48,631,68.3,13768,0,0,78.2,9.3,153137,302182,Medical,1
LNDF0371,Ananya Malhotra,48,Female,Contract,87160,712719,60,649,42.8,13686,2,0,74.4,9.5,519795,1042071,Business,1
LNDF0372,Pooja Singh,46,Male,Salaried,57314,591604,36,635,48.5,17951,1,0,40.9,11.1,19719,419855,Vehicle,1
LNDF0373,Riya Kapoor,57,Male,Self-Employed,29486,434970,36,684,41.4,13970,1,0,60.9,6.0,170825,0,Business,0
LNDF0374,Sneha Verma,46,Female,Self-Employed,33416,541997,60,658,28.7,9965,0,0,5.0,6.2,202729,461589,Personal,0
LNDF0375,Kavya Agarwal,43,Male,Salaried,83181,540271,36,691,16.7,16395,1,0,69.1,9.1,408842,445461,Business,0
LNDF0376,Simran Sharma,29,Male,Salaried,70525,554985,36,758,30.8,17680,0,0,21.1,10.6,101004,649900,Vehicle,0
LNDF0377,Meera Joshi,32,Male,Self-Employed,57577,260666,24,654,21.3,11517,0,0,13.1,1.8,365439,107100,Business,0
LNDF0378,Isha Bansal,21,Male,Self-Employed,48619,557319,24,590,22.1,24529,3,0,5.7,8.3,111974,0,Vehicle,0
LNDF0379,Priya Mehta,21,Male,Salaried,60466,392399,60,634,12.8,7248,0,0,5.0,5.4,195848,0,Home,0
LNDF0380,Neha Sinha,54,Male,Salaried,81734,886205,36,718,36.6,27274,2,0,68.8,7.3,412697,1200726,Home,1
LNDF0381,Aarav Gupta,52,Female,Salaried,106854,537922,36,724,57.0,17429,0,0,58.9,5.6,77958,528259,Personal,0
LNDF0382,Vivaan Chauhan,45,Female,Contract,109179,791652,24,706,42.8,35176,1,0,28.2,4.1,350543,0,Education,0
LNDF0383,Aditya Patel,60,Male,Contract,65021,423532,36,765,33.5,12542,2,1,63.8,2.9,243318,293375,Personal,0
LNDF0384,Arjun Mishra,21,Female,Salaried,50905,432017,36,668,34.4,12831,0,0,31.9,6.4,133306,453428,Education,0
LNDF0385,Rohan Kumar,36,Female,Salaried,58741,1137339,24,813,5.0,49942,1,0,52.1,8.4,98649,644690,Vehicle,0
LNDF0386,Rahul Malhotra,59,Female,Contract,69567,635615,60,733,29.1,11222,0,0,34.4,4.6,27173,426386,Business,0
LNDF0387,Karan Singh,25,Male,Salaried,69440,337520,24,516,15.0,15973,0,0,42.4,11.8,167455,244018,Home,1
LNDF0388,Nikhil Kapoor,42,Female,Salaried,99080,818885,36,797,36.9,25160,0,0,25.0,16.8,133507,0,Business,0
LNDF0389,Vikram Verma,49,Male,Salaried,142512,372893,48,630,31.4,8928,0,0,28.3,8.7,319953,302259,Business,0
LNDF0390,Yash Agarwal,23,Female,Salaried,50147,566084,36,613,22.8,18540,2,0,57.0,6.8,292117,541381,Vehicle,1
LNDF0391,Ananya Sharma,32,Female,Self-Employed,145108,1373035,48,714,36.6,32486,1,0,60.5,3.4,471568,1531596,Vehicle,0
LNDF0392,Pooja Joshi,46,Male,Salaried,93209,227557,48,567,36.4,5009,1,0,35.9,8.5,487365,330390,Home,1
LNDF0393,Riya Bansal,36,Female,Salaried,52560,453923,48,635,56.3,10058,1,0,11.4,12.9,3080789,563464,Vehicle,0
LNDF0394,Sneha Mehta,57,Male,Contract,107952,625879,24,781,44.6,30369,0,0,98.0,14.8,285788,529358,Home,0
LNDF0395,Kavya Sinha,42,Female,Salaried,117434,761425,24,716,38.0,35488,2,0,45.8,12.6,82974,931302,Medical,0
LNDF0396,Simran Gupta,49,Female,Salaried,44710,252631,36,733,21.7,8121,0,0,51.9,10.4,378619,0,Personal,0
LNDF0397,Meera Chauhan,34,Female,Self-Employed,119921,214846,36,637,20.0,6931,2,0,17.3,8.6,763773,0,Vehicle,0
LNDF0398,Isha Patel,48,Female,Self-Employed,89221,910979,48,580,43.4,22216,0,0,71.7,2.8,275990,775741,Business,1
LNDF0399,Priya Mishra,25,Male,Salaried,159682,336427,48,726,32.2,8225,1,0,75.1,6.6,26605,163443,Vehicle,0
LNDF0400,Neha Kumar,50,Male,Salaried,45446,328768,48,740,38.5,7686,2,0,7.4,6.1,296718,0,Education,0
LNDF0401,Aarav Malhotra,25,Female,Salaried,46913,1172913,60,738,48.7,21393,0,0,42.7,6.6,102112,787116,Vehicle,0
LNDF0402,Vivaan Singh,32,Male,Self-Employed,22095,519540,48,694,13.8,12718,1,0,41.0,4.1,54774,244368,Business,0
LNDF0403,Aditya Kapoor,36,Female,Salaried,71120,521411,36,617,54.6,16239,0,1,97.5,10.0,212932,0,Home,1
LNDF0404,Arjun Verma,46,Male,Salaried,65118,452921,36,838,48.6,13315,1,0,76.8,5.9,45592,0,Personal,0
LNDF0405,Rohan Agarwal,46,Male,Salaried,42691,255039,48,711,6.2,6023,1,0,13.1,5.6,452048,216094,Vehicle,0
LNDF0406,Rahul Sharma,41,Male,Self-Employed,53011,725051,24,669,67.9,34029,1,1,29.0,4.1,347494,914560,Home,1
LNDF0407,Karan Joshi,59,Female,Salaried,30486,626285,24,669,39.5,30439,2,0,25.4,7.9,166493,0,Vehicle,1
LNDF0408,Nikhil Bansal,56,Male,Salaried,94314,548610,36,690,28.3,17295,1,1,53.2,13.0,109715,493664,Medical,0
LNDF0409,Vikram Mehta,53,Male,Salaried,44122,469013,48,750,42.3,10703,2,0,79.6,7.0,152516,0,Education,0
LNDF0410,Yash Sinha,50,Female,Salaried,221330,425741,24,692,21.3,20854,0,0,47.4,8.1,72467,420336,Business,0
LNDF0411,Ananya Gupta,57,Female,Self-Employed,50821,825900,48,736,42.6,19860,1,0,56.0,14.7,167942,1183610,Personal,0
LNDF0412,Pooja Chauhan,43,Female,Self-Employed,39076,462616,48,690,23.9,10910,2,1,30.4,11.8,13915,554240,Business,0
LNDF0413,Riya Patel,30,Male,Self-Employed,45686,482690,36,673,63.3,14589,1,0,55.9,9.4,194960,0,Personal,1
LNDF0414,Sneha Mishra,25,Male,Self-Employed,29135,669177,12,722,35.8,61261,2,1,34.6,9.2,199488,0,Personal,0
LNDF0415,Kavya Kumar,56,Male,Salaried,68330,560588,24,719,44.1,26560,1,0,8.9,4.6,385134,415542,Personal,0
LNDF0416,Simran Malhotra,54,Male,Self-Employed,45530,1233807,48,669,24.0,27230,0,0,54.5,4.2,235754,0,Home,0
LNDF0417,Meera Singh,51,Male,Salaried,91505,189778,48,631,46.4,4283,0,0,44.8,7.6,433789,0,Vehicle,0
LNDF0418,Isha Kapoor,30,Male,Salaried,48604,589667,60,702,34.8,11231,0,0,20.9,7.7,294502,0,Home,0
LNDF0419,Priya Verma,39,Female,Self-Employed,102548,339178,36,685,15.2,10481,3,1,81.2,3.6,457524,0,Vehicle,1
LNDF0420,Neha Agarwal,52,Male,Self-Employed,77338,297811,24,644,31.7,13678,1,1,28.1,9.8,1905004,161149,Personal,0
LNDF0421,Aarav Sharma,21,Male,Self-Employed,55712,388861,24,625,62.0,17332,0,0,58.4,5.9,262689,184822,Education,1
LNDF0422,Vivaan Joshi,25,Male,Self-Employed,111993,515265,48,707,47.0,11888,3,0,37.0,11.5,212423,0,Business,0
LNDF0423,Aditya Bansal,24,Female,Contract,84425,528000,24,716,29.7,25304,1,0,79.0,6.8,523900,0,Business,0
LNDF0424,Arjun Mehta,36,Male,Salaried,207085,217042,36,657,8.8,6537,1,0,39.8,6.4,118102,169448,Home,0
LNDF0425,Rohan Sinha,44,Female,Contract,45745,371301,36,642,23.3,10837,5,0,8.2,3.3,161691,483425,Education,1
LNDF0426,Rahul Gupta,36,Male,Salaried,56929,583637,12,626,15.3,55295,2,0,62.8,3.7,262921,0,Vehicle,0
LNDF0427,Karan Chauhan,22,Female,Self-Employed,111414,308677,24,705,9.2,15131,1,0,78.9,12.3,192122,330550,Education,0
LNDF0428,Nikhil Patel,48,Female,Self-Employed,27460,270826,36,628,46.0,8493,0,0,35.6,8.1,191345,0,Vehicle,0
LNDF0429,Vikram Mishra,52,Female,Salaried,99480,144566,36,826,35.9,4279,2,0,59.9,8.6,404543,172089,Vehicle,0
LNDF0430,Yash Kumar,47,Male,Self-Employed,67022,347183,24,653,60.1,15792,2,0,47.8,13.4,39115,0,Vehicle,0
LNDF0431,Ananya Malhotra,40,Female,Salaried,36879,265685,48,522,21.0,6436,5,0,36.6,1.7,1122227,375276,Home,1
LNDF0432,Pooja Singh,44,Male,Contract,29784,291035,48,678,35.0,6550,0,0,63.5,9.7,278736,322466,Vehicle,0
LNDF0433,Riya Kapoor,32,Female,Salaried,40638,430569,24,675,15.5,20255,0,0,27.4,0.6,125552,300558,Home,0
LNDF0434,Sneha Verma,55,Male,Salaried,19671,359496,48,752,26.7,8256,1,0,45.7,5.2,779151,0,Personal,0
LNDF0435,Kavya Agarwal,53,Female,Salaried,44126,263269,36,699,31.9,7876,0,0,50.7,2.4,197579,0,Medical,0
LNDF0436,Simran Sharma,53,Female,Salaried,72783,156162,36,626,29.8,5013,1,0,49.9,10.4,202323,0,Personal,0
LNDF0437,Meera Joshi,57,Male,Salaried,44389,590447,60,661,35.7,11283,1,0,27.9,0.0,148372,618151,Business,0
LNDF0438,Isha Bansal,32,Female,Salaried,102727,756470,48,701,48.6,17903,2,1,90.3,6.1,674439,0,Business,1
LNDF0439,Priya Mehta,23,Male,Salaried,116083,401978,48,539,47.1,9051,2,0,72.8,2.4,178491,0,Medical,1
LNDF0440,Neha Sinha,21,Female,Salaried,97648,432003,24,767,24.2,19129,0,0,66.8,3.6,108895,0,Education,0
LNDF0441,Aarav Gupta,53,Female,Salaried,61015,500773,12,626,34.6,46943,1,0,76.5,4.2,442240,0,Vehicle,1
LNDF0442,Vivaan Chauhan,60,Male,Salaried,19322,1191465,60,772,46.1,22280,1,0,46.5,12.3,521973,1238395,Home,0
LNDF0443,Aditya Patel,30,Male,Contract,40072,211108,36,706,49.5,6301,2,0,36.8,5.7,764257,0,Personal,0
LNDF0444,Arjun Mishra,49,Male,Salaried,51595,398074,36,721,25.7,11691,0,0,21.0,13.9,318364,0,Medical,0
LNDF0445,Rohan Kumar,33,Female,Salaried,36785,193935,48,755,44.9,4285,1,0,29.5,14.7,505019,0,Personal,0
LNDF0446,Rahul Malhotra,32,Male,Salaried,51653,610259,48,717,39.6,14990,0,0,22.7,15.5,142541,0,Business,0
LNDF0447,Karan Singh,51,Male,Salaried,113507,461938,60,724,20.1,8868,1,0,33.4,6.8,453129,226817,Home,0
LNDF0448,Nikhil Kapoor,22,Female,Self-Employed,26226,559058,36,669,46.2,18167,1,0,51.1,7.8,351155,0,Business,0
LNDF0449,Vikram Verma,55,Male,Salaried,124287,543933,60,704,37.1,9749,3,0,65.1,8.5,290142,318511,Education,1
LNDF0450,Yash Agarwal,43,Male,Salaried,81897,862209,12,642,10.6,84416,3,1,64.5,5.5,44325,360416,Education,1
LNDF0451,Ananya Sharma,37,Female,Salaried,62056,672217,12,658,30.9,59858,1,0,19.2,8.7,126925,0,Education,0
LNDF0452,Pooja Joshi,46,Female,Self-Employed,39893,789490,36,808,35.6,24478,2,0,60.2,3.3,172744,817974,Personal,0
LNDF0453,Riya Bansal,28,Female,Self-Employed,37116,278262,12,627,26.5,26849,0,0,70.2,0.0,290439,384234,Vehicle,0
LNDF0454,Sneha Mehta,49,Female,Salaried,26457,963769,36,690,52.2,29327,2,1,39.4,9.9,1561841,0,Business,1
LNDF0455,Kavya Sinha,46,Female,Salaried,119090,336066,48,687,52.7,7738,0,0,71.4,5.6,390051,476922,Education,0
LNDF0456,Simran Gupta,30,Male,Salaried,109866,346863,36,660,29.6,10277,0,0,64.3,3.1,86829,273803,Vehicle,0
LNDF0457,Meera Chauhan,46,Female,Self-Employed,29210,580315,24,713,28.1,25775,1,0,17.2,3.6,116832,694622,Medical,0
LNDF0458,Isha Patel,54,Female,Salaried,42891,590319,36,718,33.2,18538,1,0,93.2,13.1,628813,431573,Medical,0
LNDF0459,Priya Mishra,27,Female,Salaried,66836,277296,36,620,32.2,8764,2,0,29.3,8.9,112298,111273,Education,0
LNDF0460,Neha Kumar,24,Male,Salaried,48065,454548,36,687,26.7,14534,1,0,66.1,0.9,450245,371693,Vehicle,0
LNDF0461,Aarav Malhotra,31,Male,Salaried,23195,1133582,48,610,5.0,26506,0,0,65.3,2.3,200028,1373382,Business,0
LNDF0462,Vivaan Singh,49,Male,Salaried,40908,222967,48,731,59.6,5267,0,0,18.1,5.8,154966,125982,Education,0
LNDF0463,Aditya Kapoor,56,Male,Salaried,132330,1131703,36,691,35.0,33063,3,0,48.9,8.9,113840,1081096,Personal,0
LNDF0464,Arjun Verma,45,Female,Salaried,42176,437761,60,685,32.5,7815,1,0,65.0,3.8,11602,0,Home,0
LNDF0465,Rohan Agarwal,41,Female,Salaried,51099,138219,24,723,39.6,6784,3,0,17.8,6.3,292578,66634,Vehicle,0
LNDF0466,Rahul Sharma,56,Female,Salaried,32852,235782,24,662,33.9,10412,1,0,47.2,7.5,69828,0,Home,0
LNDF0467,Karan Joshi,30,Male,Salaried,71652,294328,48,739,29.0,6980,1,0,66.8,7.5,50221,425941,Home,0
LNDF0468,Nikhil Bansal,57,Female,Self-Employed,57925,354762,36,618,20.9,10573,0,0,68.3,0.0,224967,0,Personal,0
LNDF0469,Vikram Mehta,29,Male,Self-Employed,39387,472017,60,772,9.3,8993,4,0,36.3,7.9,454658,0,Personal,0
LNDF0470,Yash Sinha,44,Male,Self-Employed,30577,113035,36,644,16.0,3585,1,0,79.0,0.1,39089,163783,Business,0
LNDF0471,Ananya Gupta,55,Male,Contract,103480,554103,48,570,19.4,12472,1,0,73.7,5.9,444084,618119,Personal,1
LNDF0472,Pooja Chauhan,55,Female,Salaried,26705,279865,36,659,44.1,8435,2,0,50.3,5.0,79844,319165,Personal,0
LNDF0473,Riya Patel,56,Female,Salaried,68996,1074269,36,651,45.1,33873,0,0,30.5,2.7,322788,0,Business,0
LNDF0474,Sneha Mishra,38,Female,Salaried,20865,430958,36,658,22.7,13177,0,0,19.4,10.4,303084,405907,Personal,0
LNDF0475,Kavya Kumar,59,Female,Salaried,75609,839808,48,695,5.0,18813,3,0,53.3,2.5,149452,0,Medical,1
LNDF0476,Simran Malhotra,52,Male,Salaried,85112,920853,36,751,35.1,29291,0,0,77.2,4.9,184905,845391,Vehicle,0
LNDF0477,Meera Singh,44,Female,Salaried,90016,907241,60,668,29.1,16180,2,0,41.8,10.5,126012,1162094,Business,1
LNDF0478,Isha Kapoor,43,Male,Salaried,51151,366165,24,635,28.8,17717,1,0,26.1,4.8,228181,0,Home,0
LNDF0479,Priya Verma,52,Male,Contract,112183,363598,24,607,48.4,16921,3,0,63.1,4.0,226375,0,Personal,1
LNDF0480,Neha Agarwal,57,Male,Salaried,155375,441807,36,650,36.9,13055,2,1,48.8,5.9,78371,616805,Home,1
LNDF0481,Aarav Sharma,32,Male,Contract,47589,709485,36,557,21.3,22472,2,0,56.3,9.2,53033,0,Personal,1
LNDF0482,Vivaan Joshi,33,Male,Salaried,44897,377559,60,633,18.1,7032,3,0,33.4,12.8,446070,534979,Medical,1
LNDF0483,Aditya Bansal,43,Male,Salaried,58819,468255,36,761,31.3,14161,0,0,36.9,3.3,216278,0,Medical,0
LNDF0484,Arjun Mehta,45,Male,Salaried,44362,581194,48,626,22.3,13379,0,0,33.3,3.6,393787,0,Home,1
LNDF0485,Rohan Sinha,55,Female,Salaried,41537,303967,36,721,34.0,9193,0,1,56.0,5.9,98454,0,Personal,0
LNDF0486,Rahul Gupta,50,Female,Self-Employed,43198,293580,36,600,49.4,8842,3,0,37.5,7.9,85709,303359,Home,1
LNDF0487,Karan Chauhan,37,Male,Salaried,119036,458318,60,795,15.7,8183,1,0,58.0,3.9,72407,291387,Business,0
LNDF0488,Nikhil Patel,40,Female,Salaried,77842,492949,24,799,36.2,22535,0,0,31.3,9.8,152975,0,Business,0
LNDF0489,Vikram Mishra,45,Female,Salaried,44297,634759,36,718,47.8,19089,3,0,55.9,3.3,221885,574702,Education,0
LNDF0490,Yash Kumar,42,Female,Salaried,18220,723533,60,809,33.8,13733,1,0,60.5,0.0,110334,0,Personal,0
LNDF0491,Ananya Malhotra,33,Female,Salaried,27449,273178,60,703,45.1,5185,3,1,52.3,9.1,736051,187284,Home,1
LNDF0492,Pooja Singh,39,Male,Contract,68984,319885,36,730,31.0,9910,2,0,65.2,9.6,100990,332656,Business,0
LNDF0493,Riya Kapoor,56,Female,Salaried,21171,293153,36,762,37.4,9374,1,0,34.4,11.2,225174,0,Vehicle,0
LNDF0494,Sneha Verma,32,Male,Self-Employed,62751,1087301,36,692,41.2,35016,3,0,60.2,0.0,81306,968883,Education,1
LNDF0495,Kavya Agarwal,39,Male,Salaried,34050,467996,36,579,27.0,14630,0,0,50.1,4.3,98214,0,Home,0
LNDF0496,Simran Sharma,32,Female,Salaried,57320,504455,60,731,62.9,9504,0,0,27.2,6.0,166543,0,Business,0
LNDF0497,Meera Joshi,29,Female,Salaried,56603,516143,48,649,43.1,11686,1,0,5.0,14.0,85079,0,Personal,1
LNDF0498,Isha Bansal,27,Male,Salaried,58067,337306,36,654,53.2,10928,1,0,7.8,6.4,195084,236798,Home,1
LNDF0499,Priya Mehta,48,Male,Contract,46055,1181992,24,699,50.0,51867,1,0,5.0,1.6,267517,0,Education,0
LNDF0500,Neha Sinha,34,Female,Self-Employed,45379,626828,36,717,39.6,19072,2,0,54.4,8.2,481542,0,Personal,0
LNDF0501,Aarav Gupta,51,Female,Contract,39765,511007,24,690,54.4,24354,1,0,37.9,12.2,68105,497952,Home,0
LNDF0502,Vivaan Chauhan,39,Male,Self-Employed,68380,272249,24,721,37.6,12029,1,0,46.9,11.4,209352,274562,Vehicle,0
LNDF0503,Aditya Patel,36,Female,Salaried,79018,263893,36,634,24.8,7871,2,0,41.0,9.2,170239,378888,Vehicle,0
LNDF0504,Arjun Mishra,25,Male,Self-Employed,31779,421875,24,677,35.2,19804,1,0,57.8,8.1,34110,0,Education,0
LNDF0505,Rohan Kumar,55,Male,Self-Employed,53737,340227,24,735,20.9,15917,3,0,58.4,0.0,65173,0,Business,0
LNDF0506,Rahul Malhotra,32,Male,Self-Employed,60087,277970,36,795,5.6,8849,2,0,45.9,7.1,276002,0,Personal,0
LNDF0507,Karan Singh,45,Male,Salaried,59742,407720,24,818,23.1,19632,2,0,47.3,7.7,53280,0,Vehicle,0
LNDF0508,Nikhil Kapoor,41,Female,Salaried,59286,443888,12,708,36.0,39459,1,0,48.2,6.4,168490,572131,Business,0
LNDF0509,Vikram Verma,56,Male,Salaried,45898,540552,36,735,49.9,15802,4,0,75.6,9.8,26649,713059,Business,1
LNDF0510,Yash Agarwal,43,Male,Salaried,62358,378968,24,809,23.0,17996,1,0,5.0,6.3,164071,392497,Vehicle,0
LNDF0511,Ananya Sharma,36,Female,Salaried,72635,287271,36,636,49.1,8691,3,0,30.2,5.5,28355,120437,Home,1
LNDF0512,Pooja Joshi,59,Female,Self-Employed,58604,292803,24,721,18.1,13803,1,0,64.0,11.2,104463,430739,Business,0
LNDF0513,Riya Bansal,59,Male,Salaried,69062,974323,48,730,22.1,21711,3,0,69.4,5.3,121388,0,Medical,0
LNDF0514,Sneha Mehta,34,Female,Salaried,85884,251173,60,774,55.3,4651,0,0,54.4,7.3,201075,0,Education,0
LNDF0515,Kavya Sinha,51,Female,Salaried,23913,610549,48,606,35.7,14190,5,1,40.9,10.6,143403,509469,Personal,1
LNDF0516,Simran Gupta,25,Male,Self-Employed,84090,665380,36,619,32.6,20813,4,0,86.0,3.0,59184,0,Business,1
LNDF0517,Meera Chauhan,55,Female,Salaried,64163,467737,60,681,38.3,8705,1,0,48.9,2.5,60187,0,Personal,1
LNDF0518,Isha Patel,43,Female,Contract,33351,1322017,48,705,18.1,30694,0,1,45.7,12.4,42109,1004822,Education,0
LNDF0519,Priya Mishra,49,Female,Contract,78921,658888,12,753,30.4,60028,2,0,74.3,4.6,216761,0,Personal,0
LNDF0520,Neha Kumar,31,Female,Contract,45975,1377747,36,714,35.0,40538,3,0,55.5,9.8,208320,1109065,Business,1
LNDF0521,Aarav Malhotra,38,Female,Salaried,48884,349507,60,670,52.2,6184,2,1,65.7,0.0,328792,0,Personal,1
LNDF0522,Vivaan Singh,32,Male,Salaried,43767,352813,36,707,11.6,10843,0,0,68.3,0.0,114758,0,Personal,0
LNDF0523,Aditya Kapoor,29,Female,Contract,63018,668311,12,700,59.7,61053,0,0,36.8,8.5,37790,0,Personal,0
LNDF0524,Arjun Verma,30,Male,Self-Employed,38626,433028,48,793,33.3,10078,2,1,83.9,6.5,135444,327758,Personal,0
LNDF0525,Rohan Agarwal,37,Male,Contract,82516,1263605,48,691,19.5,28685,1,0,5.0,8.5,181799,1233438,Home,0
LNDF0526,Rahul Sharma,58,Female,Salaried,51668,603378,24,655,16.9,28646,0,0,5.0,14.5,63098,317072,Business,0
LNDF0527,Karan Joshi,27,Female,Salaried,46686,281489,36,709,38.8,9088,2,0,30.0,2.1,68724,0,Education,0
LNDF0528,Nikhil Bansal,33,Female,Salaried,77179,192358,24,693,16.1,8727,0,0,35.7,7.2,270099,0,Business,0
LNDF0529,Vikram Mehta,60,Female,Self-Employed,47633,478941,48,578,27.2,10727,2,0,53.0,12.9,197062,674927,Personal,1
LNDF0530,Yash Sinha,29,Female,Self-Employed,84269,476082,36,679,31.5,14085,2,1,29.8,2.6,498967,0,Home,0
LNDF0531,Ananya Gupta,47,Female,Salaried,85469,594178,36,673,51.0,18652,1,0,44.7,4.7,847972,286438,Vehicle,1
LNDF0532,Pooja Chauhan,22,Female,Salaried,30165,973101,60,645,49.3,17965,5,0,40.5,0.0,46545,820504,Business,1
LNDF0533,Riya Patel,25,Female,Salaried,90604,905168,36,747,26.0,27015,1,0,89.1,16.0,123467,0,Education,0
LNDF0534,Sneha Mishra,49,Female,Self-Employed,28486,363658,48,629,32.0,8598,2,0,27.3,0.0,201186,0,Education,1
LNDF0535,Kavya Kumar,57,Female,Salaried,93181,245429,36,710,12.7,7290,0,0,8.0,10.2,249678,150331,Home,0
LNDF0536,Simran Malhotra,58,Female,Salaried,137015,253621,36,670,6.5,7905,2,0,69.6,1.7,449102,343647,Home,0
LNDF0537,Meera Singh,39,Female,Salaried,81533,333408,36,687,17.8,10359,2,0,29.3,2.8,346790,171628,Business,0
LNDF0538,Isha Kapoor,28,Male,Salaried,20836,408669,24,707,50.7,19505,2,0,43.0,11.3,501470,164112,Vehicle,0
LNDF0539,Priya Verma,21,Female,Contract,88760,591341,36,595,45.9,17365,0,0,30.8,4.0,190220,0,Home,1
LNDF0540,Neha Agarwal,42,Male,Self-Employed,151123,321847,24,692,40.4,15629,1,0,61.2,9.6,102238,0,Personal,1
LNDF0541,Aarav Sharma,37,Male,Self-Employed,47989,583371,48,829,14.6,13872,1,0,14.8,12.5,1040980,706920,Business,0
LNDF0542,Vivaan Joshi,27,Female,Self-Employed,54148,610165,60,579,25.0,10964,2,0,5.0,7.8,206634,861510,Vehicle,1
LNDF0543,Aditya Bansal,45,Male,Salaried,32218,541015,60,676,23.0,9683,3,0,73.5,10.6,144791,0,Education,1
LNDF0544,Arjun Mehta,24,Female,Self-Employed,63293,268773,36,753,32.7,8258,1,0,50.4,7.3,68577,0,Business,0
LNDF0545,Rohan Sinha,56,Female,Contract,97365,646720,24,700,31.8,31158,1,0,68.6,7.5,207780,0,Medical,0
LNDF0546,Rahul Gupta,26,Male,Self-Employed,75288,1570747,36,725,21.0,50595,1,0,72.8,4.5,444521,1894225,Business,0
LNDF0547,Karan Chauhan,51,Female,Salaried,226154,572408,60,526,39.9,10663,2,0,24.8,14.7,114725,0,Business,1
LNDF0548,Nikhil Patel,39,Male,Self-Employed,55824,98535,24,719,38.2,4770,1,0,46.3,10.0,159639,57199,Home,0
LNDF0549,Vikram Mishra,59,Male,Contract,26404,989393,60,630,24.8,17326,1,0,56.1,9.1,225247,0,Personal,1
LNDF0550,Yash Kumar,47,Female,Salaried,59399,339712,36,700,39.3,9951,0,0,42.6,10.1,275315,0,Vehicle,0
LNDF0551,Ananya Malhotra,30,Male,Salaried,18540,1738452,60,678,50.7,33857,0,0,38.1,4.3,142466,1273600,Medical,1
LNDF0552,Pooja Singh,46,Male,Contract,43269,533046,48,828,55.0,12780,1,0,40.3,10.7,126306,637962,Personal,0
LNDF0553,Riya Kapoor,39,Female,Contract,114240,197952,48,716,41.9,4572,3,0,68.8,13.2,113667,115097,Vehicle,1
LNDF0554,Sneha Verma,59,Male,Salaried,63666,160617,36,673,41.5,5122,2,0,39.3,1.5,66488,156868,Business,1
LNDF0555,Kavya Agarwal,23,Female,Salaried,59625,1166153,12,582,31.6,114111,0,0,58.2,9.2,89999,811795,Business,1
LNDF0556,Simran Sharma,33,Female,Salaried,124796,918605,36,688,49.4,29354,0,0,52.6,7.3,87847,0,Home,0
LNDF0557,Meera Joshi,48,Female,Salaried,48694,1700910,36,734,20.0,54784,0,0,23.8,4.9,44925,692698,Personal,0
LNDF0558,Isha Bansal,40,Female,Contract,97043,503013,12,675,47.8,48158,0,0,51.6,2.6,439926,0,Vehicle,0
LNDF0559,Priya Mehta,48,Male,Salaried,58295,484693,36,647,31.0,14431,3,0,11.1,11.2,248780,0,Medical,0
LNDF0560,Neha Sinha,28,Female,Salaried,65258,405091,36,643,55.9,13035,2,0,53.8,7.8,204580,0,Personal,1
LNDF0561,Aarav Gupta,59,Male,Contract,31803,348120,36,715,43.2,10399,1,0,64.6,6.2,582337,317814,Vehicle,0
LNDF0562,Vivaan Chauhan,21,Male,Salaried,44275,402934,36,729,34.0,13051,2,1,69.7,9.2,343442,354512,Business,0
LNDF0563,Aditya Patel,23,Female,Self-Employed,29325,563526,24,768,31.7,26054,2,1,24.0,6.5,88438,753871,Personal,0
LNDF0564,Arjun Mishra,33,Female,Salaried,52692,314336,60,615,42.4,5962,1,0,33.2,4.2,517500,341978,Education,1
LNDF0565,Rohan Kumar,48,Female,Self-Employed,65563,199637,24,714,41.7,9272,1,0,51.2,7.5,431813,0,Home,0
LNDF0566,Rahul Malhotra,45,Male,Contract,33375,545957,36,672,29.4,16109,2,0,34.5,6.9,65814,789993,Home,1
LNDF0567,Karan Singh,53,Female,Salaried,138305,310505,36,674,36.3,9382,0,0,5.0,0.0,405637,459733,Personal,0
LNDF0568,Nikhil Kapoor,58,Male,Self-Employed,62332,84177,48,706,47.5,2066,2,0,33.1,4.5,118206,94171,Education,0
LNDF0569,Vikram Verma,26,Female,Contract,56449,677575,24,706,15.9,33170,0,1,51.2,1.9,441594,0,Medical,0
LNDF0570,Yash Agarwal,52,Female,Contract,77764,271830,36,714,45.2,8243,2,0,68.5,0.4,132795,290508,Education,0
LNDF0571,Ananya Sharma,41,Male,Salaried,37876,719526,36,611,42.3,23575,2,1,82.2,8.9,111381,590506,Medical,1
LNDF0572,Pooja Joshi,36,Male,Salaried,59199,710113,24,631,51.6,34320,1,0,47.7,4.3,122206,1055372,Business,1
LNDF0573,Riya Bansal,41,Female,Salaried,39835,584398,36,777,25.0,18334,2,0,57.5,11.2,75039,0,Personal,0
LNDF0574,Sneha Mehta,31,Female,Salaried,110912,1974080,60,666,35.1,34718,1,0,66.1,0.0,47496,0,Medical,1
LNDF0575,Kavya Sinha,57,Female,Salaried,34156,463441,60,700,37.9,9015,2,1,5.0,5.8,18989,214825,Vehicle,1
LNDF0576,Simran Gupta,56,Male,Salaried,56586,427309,12,749,45.3,39970,1,0,22.6,4.5,69669,0,Business,0
LNDF0577,Meera Chauhan,55,Female,Self-Employed,63785,728238,24,710,41.0,35286,0,0,47.3,0.7,1920840,455443,Vehicle,0
LNDF0578,Isha Patel,39,Female,Salaried,65694,484982,36,716,17.6,15607,0,0,79.2,7.0,276827,318247,Personal,0
LNDF0579,Priya Mishra,40,Male,Self-Employed,42342,946603,36,738,39.1,30457,0,0,58.9,1.0,963678,810813,Vehicle,0
LNDF0580,Neha Kumar,38,Female,Self-Employed,36758,248829,24,542,63.1,11827,1,0,52.3,7.9,135176,158337,Medical,1
LNDF0581,Aarav Malhotra,34,Male,Salaried,42618,251115,24,648,43.6,11383,0,0,40.0,9.9,118092,0,Personal,1
LNDF0582,Vivaan Singh,35,Male,Salaried,69761,761891,60,710,57.9,13888,1,0,54.4,8.1,843739,481805,Vehicle,1
LNDF0583,Aditya Kapoor,51,Female,Self-Employed,51553,263476,60,770,49.6,4787,1,0,31.9,8.6,252432,0,Education,0
LNDF0584,Arjun Verma,21,Female,Salaried,78699,698973,12,684,54.1,61312,0,0,27.8,11.1,76188,641909,Home,0
LNDF0585,Rohan Agarwal,23,Male,Salaried,68169,612844,36,625,39.3,19164,1,0,29.8,6.9,318169,0,Personal,0
LNDF0586,Rahul Sharma,36,Male,Self-Employed,19741,341258,36,627,42.3,10815,2,0,74.5,3.7,554881,0,Business,1
LNDF0587,Karan Joshi,43,Female,Salaried,61480,611889,24,737,38.6,29600,0,0,26.5,4.6,49793,0,Vehicle,0
LNDF0588,Nikhil Bansal,31,Male,Self-Employed,151417,253555,36,666,35.1,7524,1,0,36.2,4.7,273458,0,Personal,0
LNDF0589,Vikram Mehta,32,Male,Contract,99854,288491,48,680,45.4,6736,0,1,55.4,2.8,52847,0,Vehicle,0
LNDF0590,Yash Sinha,30,Female,Salaried,66502,438849,60,720,27.7,7687,2,0,25.6,10.1,528497,0,Medical,0
LNDF0591,Ananya Gupta,52,Male,Self-Employed,34145,522183,48,491,61.4,11557,2,0,50.0,9.1,221536,331701,Business,1
LNDF0592,Pooja Chauhan,36,Male,Salaried,68186,423099,36,810,22.0,12423,2,0,50.0,0.3,317238,435365,Business,0
LNDF0593,Riya Patel,28,Male,Self-Employed,76724,634490,48,632,46.4,15126,1,0,31.3,3.7,148007,740530,Vehicle,0
LNDF0594,Sneha Mishra,58,Male,Self-Employed,49065,619099,36,696,54.3,18238,0,0,39.3,2.6,36216,706434,Home,0
LNDF0595,Kavya Kumar,32,Male,Salaried,63426,1159518,36,569,32.5,36819,2,0,24.2,8.3,120985,788820,Home,1
LNDF0596,Simran Malhotra,44,Male,Salaried,108493,474471,36,653,19.4,14266,0,0,75.4,11.3,415637,596701,Business,0
LNDF0597,Meera Singh,48,Female,Self-Employed,37396,964508,24,761,51.2,46783,4,0,50.7,8.8,1082710,0,Personal,0
LNDF0598,Isha Kapoor,28,Female,Salaried,34161,829653,24,555,37.8,39952,0,0,21.9,4.2,232065,469038,Business,1
LNDF0599,Priya Verma,48,Female,Contract,75117,1765688,36,753,46.4,57606,2,0,47.8,5.7,97051,0,Personal,0
LNDF0600,Neha Agarwal,56,Female,Salaried,67574,466201,60,662,33.5,9051,0,0,48.8,1.4,291514,493016,Business,0
LNDF0601,Aarav Sharma,46,Male,Salaried,87384,396791,24,712,59.2,19366,3,0,5.0,1.7,383317,0,Personal,0
LNDF0602,Vivaan Joshi,28,Female,Salaried,71075,998586,36,723,5.4,32222,6,0,74.5,10.4,202844,1111322,Home,0
LNDF0603,Aditya Bansal,48,Male,Salaried,42600,618066,36,709,40.3,19575,2,0,23.2,12.8,191914,0,Medical,0
LNDF0604,Arjun Mehta,48,Female,Self-Employed,66808,1011835,48,624,53.8,22600,3,1,91.0,4.1,218155,731005,Vehicle,1
LNDF0605,Rohan Sinha,57,Male,Salaried,32897,741628,24,656,36.5,33538,1,0,62.5,7.2,187195,663925,Education,1
LNDF0606,Rahul Gupta,56,Female,Self-Employed,49141,156944,60,585,39.2,2819,2,0,20.2,9.9,235323,0,Business,1
LNDF0607,Karan Chauhan,47,Male,Self-Employed,68965,614977,60,712,28.9,11566,1,0,38.1,0.3,932402,490375,Personal,0
LNDF0608,Nikhil Patel,37,Female,Salaried,46763,593345,36,791,35.3,18385,0,0,65.3,2.8,28875,251678,Vehicle,0
LNDF0609,Vikram Mishra,29,Female,Salaried,166994,537978,48,561,11.6,13032,1,0,39.8,15.0,145234,779608,Personal,1
LNDF0610,Yash Kumar,53,Female,Salaried,23473,464924,12,630,24.9,45479,1,0,70.9,3.2,77776,0,Vehicle,1
LNDF0611,Ananya Malhotra,40,Female,Salaried,42990,208290,36,668,24.0,6380,0,0,36.7,5.6,520963,264061,Vehicle,0
LNDF0612,Pooja Singh,33,Female,Salaried,36065,808682,48,691,44.4,18799,3,0,43.3,4.6,158565,0,Business,0
LNDF0613,Riya Kapoor,48,Male,Contract,40132,614114,12,737,27.0,60198,0,0,65.9,0.0,297880,794412,Education,0
LNDF0614,Sneha Verma,49,Female,Contract,41181,916612,36,670,27.4,27649,1,0,58.3,7.3,650364,1233908,Medical,0
LNDF0615,Kavya Agarwal,33,Male,Salaried,30279,214496,36,659,29.7,6870,3,0,24.6,6.9,68037,0,Vehicle,1
LNDF0616,Simran Sharma,55,Female,Salaried,77173,660853,24,752,24.5,29719,2,1,54.5,7.7,111966,920919,Personal,1
LNDF0617,Meera Joshi,26,Female,Salaried,42997,439459,60,723,38.8,8339,0,0,48.7,6.7,592666,0,Business,0
LNDF0618,Isha Bansal,38,Female,Self-Employed,59201,541147,24,715,40.3,24419,3,0,24.9,5.2,65628,500090,Medical,0
LNDF0619,Priya Mehta,25,Male,Salaried,45226,442248,48,687,46.6,10733,0,0,14.4,4.9,115417,478565,Home,0
LNDF0620,Neha Sinha,45,Female,Self-Employed,40303,674244,36,744,44.1,21033,2,0,5.0,5.0,42633,711875,Personal,0
LNDF0621,Aarav Gupta,22,Female,Salaried,116729,457157,48,637,42.7,10231,2,0,38.5,3.0,613993,0,Vehicle,1
LNDF0622,Vivaan Chauhan,30,Male,Self-Employed,83317,280355,36,628,30.4,8404,2,0,43.8,3.7,106680,0,Personal,1
LNDF0623,Aditya Patel,50,Male,Salaried,23728,524341,36,728,29.5,16228,1,0,56.1,3.1,246904,0,Vehicle,0
LNDF0624,Arjun Mishra,25,Male,Salaried,22623,444439,60,574,22.8,8704,0,0,63.1,9.3,330742,301648,Business,1
LNDF0625,Rohan Kumar,53,Male,Salaried,87927,477585,36,686,22.6,15257,2,0,35.9,8.2,87361,659404,Business,0
LNDF0626,Rahul Malhotra,21,Female,Salaried,43528,86601,36,659,37.7,2679,3,0,43.2,7.1,32439,124284,Medical,0
LNDF0627,Karan Singh,38,Male,Contract,26187,727823,36,589,24.9,22116,0,0,28.3,14.8,147738,0,Business,1
LNDF0628,Nikhil Kapoor,52,Male,Salaried,88051,420541,48,619,55.6,9825,2,0,46.9,3.3,145578,0,Vehicle,1
LNDF0629,Vikram Verma,31,Female,Salaried,59349,238203,36,673,34.5,7591,1,0,66.3,11.5,170461,253906,Business,0
LNDF0630,Yash Agarwal,41,Male,Contract,61593,830492,60,747,56.0,15944,1,0,47.2,6.0,171310,895219,Personal,0
LNDF0631,Ananya Sharma,46,Male,Salaried,79172,709535,36,638,43.0,21526,1,1,70.6,7.6,114900,416735,Education,0
LNDF0632,Pooja Joshi,45,Male,Salaried,30504,417624,36,759,24.1,13268,2,0,65.9,9.7,110960,0,Business,0
LNDF0633,Riya Bansal,42,Female,Self-Employed,26395,265314,48,684,34.1,6276,0,0,77.1,5.1,235307,0,Home,0
LNDF0634,Sneha Mehta,47,Male,Self-Employed,112030,551436,48,765,11.6,13495,1,1,47.8,2.8,85754,534407,Home,0
LNDF0635,Kavya Sinha,33,Male,Salaried,28807,535027,60,641,37.7,10442,0,0,33.3,3.4,165201,231853,Business,0
LNDF0636,Simran Gupta,53,Male,Self-Employed,31732,831301,60,677,25.4,15970,2,0,58.7,0.0,108451,1031655,Home,0
LNDF0637,Meera Chauhan,54,Female,Self-Employed,34717,391722,36,704,19.4,12449,0,0,36.8,9.4,234863,0,Vehicle,0
LNDF0638,Isha Patel,55,Female,Salaried,140233,964698,24,668,56.3,43638,2,0,58.0,9.3,488176,0,Education,0
LNDF0639,Priya Mishra,21,Male,Self-Employed,68673,371470,12,742,49.4,35908,2,0,30.4,13.3,506435,454530,Medical,0
LNDF0640,Neha Kumar,41,Female,Self-Employed,84925,238507,48,537,49.0,5494,1,0,26.8,8.7,574396,0,Home,1
LNDF0641,Aarav Malhotra,26,Male,Contract,60076,268232,60,837,45.9,4852,2,0,71.8,9.6,133256,289741,Education,0
LNDF0642,Vivaan Singh,48,Female,Contract,41950,483128,24,736,17.7,22142,2,0,22.7,6.7,143727,402943,Personal,0
LNDF0643,Aditya Kapoor,37,Female,Salaried,73070,482304,24,669,29.4,23285,0,0,67.5,8.9,57449,0,Business,0
LNDF0644,Arjun Verma,25,Male,Salaried,27299,598802,12,644,30.2,53359,0,0,57.9,11.4,132246,547963,Personal,0
LNDF0645,Rohan Agarwal,51,Male,Salaried,33598,475755,48,624,11.1,10995,3,0,47.1,7.7,136565,0,Home,1
LNDF0646,Rahul Sharma,25,Male,Salaried,76491,855883,36,722,27.2,26485,3,0,5.0,4.9,103288,927411,Business,0
LNDF0647,Karan Joshi,58,Female,Salaried,29861,433116,36,745,27.4,12690,0,0,77.7,6.1,102857,507849,Business,0
LNDF0648,Nikhil Bansal,23,Male,Self-Employed,50514,166777,36,669,36.8,4982,2,0,24.4,10.0,39057,0,Education,1
LNDF0649,Vikram Mehta,43,Female,Salaried,51560,467783,48,752,70.5,11280,1,0,66.0,5.0,53798,450936,Business,0
LNDF0650,Yash Sinha,57,Female,Salaried,43356,165816,48,621,34.7,4000,2,1,29.8,10.6,187363,214628,Business,1
LNDF0651,Ananya Gupta,57,Male,Self-Employed,22859,580490,36,610,36.8,17544,1,0,28.0,14.6,193799,0,Vehicle,1
LNDF0652,Pooja Chauhan,30,Female,Self-Employed,41443,894321,24,798,31.5,43365,0,0,59.7,10.6,278024,1298820,Business,0
LNDF0653,Riya Patel,30,Female,Self-Employed,37943,290669,36,718,45.3,9288,1,0,56.8,10.0,142587,356924,Vehicle,0
LNDF0654,Sneha Mishra,39,Male,Salaried,59144,1090961,48,771,20.0,25100,1,0,19.8,8.4,181898,0,Medical,0
LNDF0655,Kavya Kumar,37,Female,Self-Employed,57804,794859,60,624,61.5,15199,0,0,76.6,3.9,554693,1043287,Vehicle,1
LNDF0656,Simran Malhotra,41,Female,Contract,65197,970850,24,620,33.3,47530,1,0,40.5,3.5,171631,977400,Personal,0
LNDF0657,Meera Singh,34,Male,Salaried,40574,554945,12,657,29.5,51317,1,0,46.5,3.5,101910,0,Medical,0
LNDF0658,Isha Kapoor,29,Male,Salaried,69587,289625,12,626,48.6,26090,1,0,38.5,9.2,61627,344857,Vehicle,1
LNDF0659,Priya Verma,21,Male,Contract,27307,768205,36,726,22.5,25019,0,0,20.7,5.4,368960,0,Business,0
LNDF0660,Neha Agarwal,33,Female,Salaried,24227,354631,48,631,45.1,8337,2,0,61.2,6.9,38859,295924,Business,1
LNDF0661,Aarav Sharma,24,Female,Salaried,19227,533492,12,604,54.7,47289,1,0,51.4,8.7,84638,0,Business,1
LNDF0662,Vivaan Joshi,21,Female,Salaried,43932,455031,36,689,31.6,14213,1,0,27.3,3.6,262350,601967,Home,0
LNDF0663,Aditya Bansal,60,Male,Salaried,39187,928148,36,596,63.7,28749,0,0,65.8,5.0,32364,1115893,Business,1
LNDF0664,Arjun Mehta,52,Female,Salaried,78455,747166,12,563,44.0,72302,1,0,46.2,8.3,103548,0,Vehicle,1
LNDF0665,Rohan Sinha,54,Female,Salaried,41076,478328,36,689,44.2,14868,1,0,46.7,5.8,202190,535142,Vehicle,0
LNDF0666,Rahul Gupta,48,Female,Salaried,62200,170925,24,566,54.1,7714,3,0,84.1,6.2,127479,0,Vehicle,1
LNDF0667,Karan Chauhan,51,Male,Salaried,79306,352564,36,730,57.8,11143,1,0,9.6,2.9,74332,189912,Business,0
LNDF0668,Nikhil Patel,28,Male,Self-Employed,40386,736516,48,589,38.7,17194,1,0,9.3,6.3,105515,0,Personal,1
LNDF0669,Vikram Mishra,59,Male,Contract,62894,583281,36,534,46.2,17503,1,0,14.3,13.6,375494,452179,Business,1
LNDF0670,Yash Kumar,46,Female,Salaried,86332,218730,24,661,54.5,10249,2,0,53.0,5.2,935608,0,Vehicle,1
LNDF0671,Ananya Malhotra,54,Female,Self-Employed,31505,185116,60,689,18.7,3569,0,0,37.1,2.4,204077,0,Medical,0
LNDF0672,Pooja Singh,23,Male,Salaried,55619,556762,36,712,10.8,16296,1,0,38.8,10.8,30069,258347,Home,0
LNDF0673,Riya Kapoor,32,Male,Salaried,40464,279563,48,691,34.2,6593,1,1,24.3,9.1,300140,380321,Personal,0
LNDF0674,Sneha Verma,21,Female,Contract,32421,294763,12,611,10.5,26908,1,1,81.6,7.9,125991,211592,Vehicle,0
LNDF0675,Kavya Agarwal,25,Male,Salaried,27548,723820,12,726,30.6,65629,2,0,89.0,1.7,67160,520682,Vehicle,0
LNDF0676,Simran Sharma,50,Female,Salaried,32186,968588,12,742,39.4,88871,0,0,64.8,2.3,87594,0,Business,0
LNDF0677,Meera Joshi,50,Male,Salaried,56506,330869,24,602,31.1,15088,2,0,11.8,0.9,91008,305371,Home,1
LNDF0678,Isha Bansal,37,Male,Self-Employed,26641,487841,36,668,33.0,15695,1,0,34.3,8.7,50562,0,Personal,1
LNDF0679,Priya Mehta,43,Male,Salaried,42927,479993,60,662,21.0,8686,0,0,63.2,11.1,170067,301968,Business,0
LNDF0680,Neha Sinha,35,Female,Salaried,79303,456823,36,694,46.0,14533,2,1,44.0,8.9,932892,0,Business,1
LNDF0681,Aarav Gupta,57,Male,Self-Employed,67315,511290,36,667,20.1,15086,1,0,64.8,14.8,66933,611145,Home,0
LNDF0682,Vivaan Chauhan,41,Female,Salaried,43320,757999,36,676,5.6,24712,2,0,72.5,5.2,907387,0,Vehicle,0
LNDF0683,Aditya Patel,34,Male,Salaried,117648,345140,24,722,32.1,16263,1,0,87.0,5.7,217079,360325,Home,0
LNDF0684,Arjun Mishra,22,Male,Salaried,128921,216092,36,608,47.8,6854,2,0,30.6,7.4,165563,205835,Vehicle,1
LNDF0685,Rohan Kumar,31,Female,Salaried,55650,1266628,36,728,36.1,38307,1,0,46.8,6.1,134719,0,Business,0
LNDF0686,Rahul Malhotra,59,Female,Salaried,18110,910315,48,754,18.7,20929,1,0,35.3,9.0,87132,1095119,Home,0
LNDF0687,Karan Singh,58,Male,Self-Employed,81960,272491,60,786,36.4,4901,0,0,5.0,4.4,234071,349225,Business,0
LNDF0688,Nikhil Kapoor,54,Female,Self-Employed,19590,538725,24,541,41.1,26290,1,0,60.4,1.4,287936,0,Vehicle,1
LNDF0689,Vikram Verma,58,Male,Salaried,106868,871743,36,668,36.3,26962,1,0,57.4,0.0,20294,0,Personal,0
LNDF0690,Yash Agarwal,54,Female,Salaried,89563,754898,60,552,31.3,14242,0,0,33.0,8.9,1775241,1071556,Vehicle,1
LNDF0691,Ananya Sharma,38,Female,Salaried,122209,644655,48,522,41.8,15384,1,0,9.8,4.9,35271,580766,Medical,1
LNDF0692,Pooja Joshi,50,Male,Salaried,61834,455312,36,689,10.7,13890,1,0,36.5,2.3,112490,0,Medical,0
LNDF0693,Riya Bansal,35,Male,Salaried,46745,1292877,60,654,22.5,24643,0,0,61.1,4.5,18002,1097728,Personal,1
LNDF0694,Sneha Mehta,47,Female,Salaried,44916,564579,12,699,16.7,53535,1,0,74.4,14.8,141435,0,Vehicle,0
LNDF0695,Kavya Sinha,54,Female,Salaried,43014,376674,60,712,53.9,7168,0,0,29.3,2.6,118824,0,Vehicle,0
LNDF0696,Simran Gupta,58,Male,Salaried,85525,807304,12,761,45.0,74918,0,0,69.4,9.9,113572,0,Home,0
LNDF0697,Meera Chauhan,53,Female,Salaried,75782,527126,36,684,37.6,16103,1,0,58.7,8.7,236715,345735,Medical,1
LNDF0698,Isha Patel,44,Female,Salaried,58058,606071,60,850,14.7,10898,1,0,54.1,12.4,144536,0,Personal,0
LNDF0699,Priya Mishra,35,Female,Salaried,39740,559107,36,700,45.4,17972,1,0,16.5,6.5,292228,790206,Business,0
LNDF0700,Neha Kumar,50,Female,Salaried,179555,657099,36,800,54.4,20609,3,1,17.5,0.8,59108,0,Education,0
LNDF0701,Aarav Malhotra,37,Male,Self-Employed,82922,291913,36,528,43.0,8983,0,0,26.7,11.0,192983,374619,Vehicle,1
LNDF0702,Vivaan Singh,25,Male,Salaried,26799,225090,60,768,34.5,4399,2,0,37.8,6.0,101946,0,Education,0
LNDF0703,Aditya Kapoor,49,Female,Salaried,43598,1100347,48,668,43.8,24213,4,0,84.6,12.1,128979,0,Personal,1
LNDF0704,Arjun Verma,24,Female,Salaried,83649,573570,48,553,38.8,13868,0,0,30.4,10.3,229584,548387,Vehicle,1
LNDF0705,Rohan Agarwal,30,Male,Salaried,38380,764005,36,707,48.0,25036,0,0,62.0,11.0,114329,622710,Business,0
LNDF0706,Rahul Sharma,37,Female,Self-Employed,64427,189946,48,660,47.7,4611,1,0,34.8,16.5,163745,221556,Business,0
LNDF0707,Karan Joshi,30,Female,Contract,84368,899001,36,718,31.9,28852,1,0,55.4,8.1,63697,1250231,Personal,0
LNDF0708,Nikhil Bansal,37,Female,Salaried,18000,375325,36,746,25.8,11454,1,0,43.6,12.8,482470,282348,Personal,0
LNDF0709,Vikram Mehta,40,Female,Self-Employed,52390,320919,48,583,29.4,7221,0,1,48.9,5.4,346734,291017,Home,1
LNDF0710,Yash Sinha,44,Female,Salaried,53324,482873,36,746,42.5,15365,0,0,53.1,9.2,196948,0,Personal,0
LNDF0711,Ananya Gupta,25,Male,Salaried,45691,291990,12,680,30.2,26513,1,0,39.5,5.0,144686,0,Personal,0
LNDF0712,Pooja Chauhan,54,Female,Salaried,62998,499524,12,768,24.5,44661,0,0,53.2,8.9,163862,627242,Medical,0
LNDF0713,Riya Patel,26,Female,Self-Employed,73937,463878,24,667,35.0,22271,0,0,72.1,8.5,473228,0,Personal,0
LNDF0714,Sneha Mishra,22,Female,Salaried,58631,895897,60,649,50.5,16285,3,0,28.4,0.0,325318,0,Business,1
LNDF0715,Kavya Kumar,33,Male,Contract,46484,1149345,36,682,36.9,37318,1,0,71.1,4.6,480447,1002388,Business,0
LNDF0716,Simran Malhotra,31,Female,Salaried,73113,1129400,48,687,31.1,27277,1,0,39.2,7.9,132324,1687949,Education,0
LNDF0717,Meera Singh,43,Female,Salaried,56228,143901,36,637,39.5,4638,1,0,36.8,0.0,278110,88798,Business,1
LNDF0718,Isha Kapoor,36,Male,Self-Employed,49577,298947,24,648,36.2,14328,1,0,60.4,6.6,524667,0,Home,1
LNDF0719,Priya Verma,51,Male,Contract,30472,143082,36,600,7.9,4628,0,0,37.5,11.0,78212,0,Personal,0
LNDF0720,Neha Agarwal,31,Male,Self-Employed,27225,259345,48,652,44.8,6239,0,0,52.0,12.2,73908,0,Personal,0
LNDF0721,Aarav Sharma,36,Male,Self-Employed,30213,349804,36,724,40.7,10964,0,0,50.0,3.9,230590,308371,Business,0
LNDF0722,Vivaan Joshi,28,Female,Salaried,62339,626668,60,671,35.2,11368,2,1,5.0,12.5,59235,0,Vehicle,1
LNDF0723,Aditya Bansal,24,Female,Salaried,53077,375645,48,746,49.9,9121,0,0,54.2,11.8,35118,511722,Business,0
LNDF0724,Arjun Mehta,60,Female,Salaried,28253,381446,36,668,52.0,12283,0,0,13.3,0.0,518084,520526,Medical,0
LNDF0725,Rohan Sinha,24,Male,Salaried,73552,552569,36,587,46.2,17060,0,0,15.0,7.5,606052,711189,Business,0
LNDF0726,Rahul Gupta,45,Female,Contract,102082,195290,60,719,23.1,3434,1,0,53.1,7.9,62236,131460,Business,0
LNDF0727,Karan Chauhan,23,Male,Self-Employed,42014,315255,48,636,23.6,7441,0,0,56.8,13.1,49609,0,Home,0
LNDF0728,Nikhil Patel,52,Male,Self-Employed,25126,379044,12,665,50.6,33374,0,1,71.5,8.1,99992,0,Home,0
LNDF0729,Vikram Mishra,23,Female,Salaried,39974,447326,36,760,8.7,14543,1,0,21.0,12.6,555842,0,Business,0
LNDF0730,Yash Kumar,47,Male,Self-Employed,80789,521617,48,605,32.9,12769,2,0,28.7,3.9,124374,296909,Vehicle,1
LNDF0731,Ananya Malhotra,49,Male,Self-Employed,70398,1141348,48,691,41.2,25553,1,0,55.2,0.6,196013,0,Personal,0
LNDF0732,Pooja Singh,52,Female,Salaried,36315,824019,24,677,10.5,39070,2,0,71.9,4.4,241142,0,Medical,0
LNDF0733,Riya Kapoor,39,Female,Salaried,109056,327500,60,726,38.3,5797,1,0,49.2,13.3,210486,185402,Home,0
LNDF0734,Sneha Verma,41,Male,Self-Employed,100893,433060,60,736,48.4,8263,4,0,25.7,10.7,690642,0,Business,0
LNDF0735,Kavya Agarwal,25,Female,Salaried,39547,417138,24,697,14.2,19034,0,0,78.1,16.3,94166,0,Business,0
LNDF0736,Simran Sharma,38,Female,Contract,39364,376841,60,657,58.2,7151,2,1,39.2,1.2,164181,461051,Vehicle,1
LNDF0737,Meera Joshi,48,Male,Salaried,42122,580850,24,711,20.9,26585,2,0,39.9,11.2,221881,0,Business,0
LNDF0738,Isha Bansal,42,Male,Salaried,43774,179779,12,767,43.0,16014,1,0,13.4,10.0,172235,0,Vehicle,0
LNDF0739,Priya Mehta,41,Female,Salaried,84358,811595,24,678,33.8,37293,0,0,60.9,5.9,60085,0,Business,0
LNDF0740,Neha Sinha,26,Female,Salaried,66602,1269097,12,663,36.0,112595,0,0,63.8,10.1,47831,0,Home,0
LNDF0741,Aarav Gupta,21,Male,Salaried,81615,431038,60,705,17.0,8082,1,0,29.5,7.6,46938,325630,Medical,0
LNDF0742,Vivaan Chauhan,25,Female,Salaried,74473,426434,12,683,52.6,37502,1,0,83.5,8.8,346051,0,Education,0
LNDF0743,Aditya Patel,32,Male,Contract,118970,545107,36,593,39.6,16937,0,0,32.1,9.7,86021,0,Home,1
LNDF0744,Arjun Mishra,46,Male,Self-Employed,34145,875916,24,696,57.7,42527,0,1,58.8,10.9,274597,906955,Education,0
LNDF0745,Rohan Kumar,54,Female,Salaried,65268,418320,36,592,17.4,13467,2,1,49.9,7.3,194615,337032,Education,1
LNDF0746,Rahul Malhotra,34,Female,Salaried,20679,835707,24,704,32.5,40558,0,1,5.0,14.1,74857,0,Personal,0
LNDF0747,Karan Singh,46,Female,Salaried,30408,654113,48,628,37.9,15942,0,0,57.0,6.1,76558,772810,Education,1
LNDF0748,Nikhil Kapoor,47,Female,Self-Employed,53178,1832606,24,682,35.8,81214,1,0,55.0,14.5,203074,0,Education,0
LNDF0749,Vikram Verma,29,Female,Salaried,66389,417316,60,705,44.3,7419,1,1,6.1,2.5,193035,0,Personal,0
LNDF0750,Yash Agarwal,46,Male,Salaried,52537,168647,48,840,32.3,3944,2,1,78.6,3.1,280279,249028,Vehicle,0
LNDF0751,Ananya Sharma,42,Female,Salaried,42610,227350,12,728,64.7,22095,0,0,55.1,3.3,119248,123507,Vehicle,0
LNDF0752,Pooja Joshi,50,Male,Self-Employed,46159,503291,60,769,35.6,9870,2,0,72.3,10.8,84009,258857,Vehicle,0
LNDF0753,Riya Bansal,37,Female,Salaried,101858,880019,12,802,5.0,77443,1,0,7.2,3.8,198709,0,Vehicle,0
LNDF0754,Sneha Mehta,46,Male,Self-Employed,46271,349229,24,712,36.2,15952,0,0,36.0,13.0,646055,0,Medical,0
LNDF0755,Kavya Sinha,56,Female,Contract,120843,440361,12,699,52.7,39547,0,0,71.0,4.9,33246,370054,Education,0
LNDF0756,Simran Gupta,21,Female,Salaried,78621,728707,36,611,22.1,23243,3,1,10.5,8.6,87690,583098,Personal,1
LNDF0757,Meera Chauhan,28,Male,Salaried,67574,294044,36,672,21.2,9256,1,1,36.6,9.6,306235,0,Home,0
LNDF0758,Isha Patel,55,Female,Salaried,32144,357241,48,633,23.2,7931,1,0,53.9,2.9,218720,0,Education,0
LNDF0759,Priya Mishra,35,Female,Salaried,83780,263054,36,654,19.9,8132,0,0,5.0,1.4,310280,210352,Vehicle,0
LNDF0760,Neha Kumar,42,Male,Salaried,44042,955881,48,802,28.3,22684,0,0,15.9,8.1,122274,0,Medical,0
LNDF0761,Aarav Malhotra,34,Male,Salaried,32131,1167393,24,687,47.7,55999,2,0,75.4,5.9,42192,1239407,Vehicle,1
LNDF0762,Vivaan Singh,46,Male,Self-Employed,69277,209753,48,623,56.4,4600,3,0,46.3,9.0,810216,0,Personal,1
LNDF0763,Aditya Kapoor,48,Female,Salaried,29452,462389,24,769,5.0,22460,1,0,70.9,1.6,477426,464040,Personal,0
LNDF0764,Arjun Verma,43,Male,Salaried,39030,1084203,24,742,29.7,50777,2,1,49.0,5.6,176125,1456411,Business,0
LNDF0765,Rohan Agarwal,34,Male,Salaried,54750,622591,24,745,39.2,29976,2,1,98.0,6.3,84391,0,Education,1
LNDF0766,Rahul Sharma,44,Female,Salaried,149250,382040,24,550,37.8,18386,2,0,54.7,0.0,115752,440052,Personal,1
LNDF0767,Karan Joshi,22,Female,Salaried,40375,213624,36,807,61.6,6377,0,0,72.9,11.0,221214,103132,Medical,0
LNDF0768,Nikhil Bansal,46,Female,Salaried,44752,942681,60,644,6.9,16722,4,1,39.6,4.0,143522,0,Home,1
LNDF0769,Vikram Mehta,34,Female,Salaried,76469,609654,12,731,5.0,58109,1,0,49.6,13.0,177666,0,Vehicle,0
LNDF0770,Yash Sinha,27,Female,Contract,31504,222397,48,844,63.9,4959,5,0,59.1,4.2,766688,235609,Business,0
LNDF0771,Ananya Gupta,23,Female,Salaried,67128,962032,48,820,45.5,23259,1,0,62.8,4.9,413338,0,Home,0
LNDF0772,Pooja Chauhan,43,Male,Self-Employed,94632,207345,60,616,27.0,3955,1,0,44.1,2.0,62756,0,Business,1
LNDF0773,Riya Patel,38,Male,Salaried,47901,442899,24,586,37.4,21396,3,0,45.1,11.6,192902,0,Personal,1
LNDF0774,Sneha Mishra,58,Female,Self-Employed,87278,432278,36,773,38.4,13075,1,0,56.0,8.8,112689,320431,Education,0
LNDF0775,Kavya Kumar,55,Male,Salaried,62708,1217698,60,689,26.7,22145,4,1,56.0,12.6,235358,0,Business,1
LNDF0776,Simran Malhotra,35,Male,Self-Employed,39588,433128,48,647,37.0,10262,3,0,22.4,6.2,170027,0,Medical,1
LNDF0777,Meera Singh,45,Male,Salaried,50316,432272,36,720,40.0,12657,2,1,49.9,6.8,2601610,0,Vehicle,1
LNDF0778,Isha Kapoor,57,Male,Salaried,46360,236256,24,669,63.2,11266,1,1,52.1,0.3,264884,263804,Education,1
LNDF0779,Priya Verma,48,Female,Salaried,52873,351563,36,726,48.5,11315,0,0,23.5,4.5,159523,0,Business,0
LNDF0780,Neha Agarwal,30,Female,Salaried,58913,318970,36,684,59.4,9781,1,0,64.9,7.7,945451,315971,Medical,1
LNDF0781,Aarav Sharma,59,Male,Salaried,71666,328237,48,727,16.2,7860,1,0,54.1,8.5,216578,0,Personal,0
LNDF0782,Vivaan Joshi,37,Female,Self-Employed,69147,501731,24,622,30.1,22425,2,0,96.3,14.3,45883,0,Personal,0
LNDF0783,Aditya Bansal,59,Male,Salaried,18413,131080,36,773,38.4,3976,1,0,44.4,0.0,160928,77528,Personal,0
LNDF0784,Arjun Mehta,42,Male,Self-Employed,52644,217888,36,725,8.1,7122,0,0,70.0,7.9,312714,219411,Home,0
LNDF0785,Rohan Sinha,46,Female,Salaried,27885,470383,36,722,51.5,15395,2,0,56.9,5.5,278393,0,Home,0
LNDF0786,Rahul Gupta,45,Male,Salaried,48582,534482,48,607,44.0,12434,1,0,87.3,7.3,444795,0,Vehicle,1
LNDF0787,Karan Chauhan,37,Female,Salaried,52020,439756,48,790,29.9,10732,0,1,23.7,7.4,206707,578325,Business,0
LNDF0788,Nikhil Patel,33,Female,Salaried,85336,488906,36,679,32.4,15183,1,0,34.1,6.2,193980,0,Personal,0
LNDF0789,Vikram Mishra,40,Female,Salaried,54260,399252,60,727,52.6,7239,2,0,24.4,2.5,50944,0,Business,0
LNDF0790,Yash Kumar,45,Female,Self-Employed,61805,494937,24,659,23.9,22369,0,0,43.3,1.7,712327,0,Vehicle,0
LNDF0791,Ananya Malhotra,24,Female,Salaried,78587,634848,24,697,53.1,30971,0,0,20.3,5.9,136717,0,Home,0
LNDF0792,Pooja Singh,30,Female,Self-Employed,95566,632406,36,699,31.5,18839,1,0,11.4,1.3,74543,622092,Personal,0
LNDF0793,Riya Kapoor,23,Female,Self-Employed,52038,342298,24,497,45.6,16050,1,0,5.0,6.5,1916151,0,Home,1
LNDF0794,Sneha Verma,38,Female,Salaried,57381,827087,24,718,36.2,38674,1,0,5.0,6.0,816506,975981,Home,0
LNDF0795,Kavya Agarwal,56,Female,Self-Employed,55249,545127,24,808,66.3,26033,2,0,59.4,0.0,120299,463891,Personal,0
LNDF0796,Simran Sharma,42,Male,Salaried,43085,984689,48,715,22.6,22871,1,0,35.0,14.7,33127,501939,Vehicle,0
LNDF0797,Meera Joshi,54,Female,Salaried,38909,1099585,24,618,27.0,49729,0,0,17.9,7.3,94286,0,Home,0
LNDF0798,Isha Bansal,28,Male,Salaried,19786,226130,48,722,13.9,5050,3,0,30.5,0.0,745592,0,Medical,0
LNDF0799,Priya Mehta,60,Female,Salaried,33880,311732,12,749,19.6,29373,4,0,33.4,8.0,211030,450495,Home,0
LNDF0800,Neha Sinha,39,Male,Self-Employed,24704,782160,60,713,45.0,14906,0,1,23.8,6.2,53435,0,Business,0
LNDF0801,Aarav Gupta,57,Female,Self-Employed,96754,200120,48,675,57.4,4686,2,0,80.3,1.7,364505,0,Education,1
LNDF0802,Vivaan Chauhan,26,Female,Salaried,59867,1091934,12,664,46.6,104278,1,1,76.2,8.2,149021,0,Personal,1
LNDF0803,Aditya Patel,46,Female,Salaried,51970,413837,48,664,34.9,9211,1,0,79.9,3.2,100396,0,Medical,1
LNDF0804,Arjun Mishra,54,Male,Salaried,39824,685999,36,725,22.5,22194,2,0,48.9,7.8,107490,325529,Vehicle,0
LNDF0805,Rohan Kumar,26,Male,Self-Employed,55742,468996,48,589,47.6,10999,2,0,51.2,4.2,583305,655941,Home,1
LNDF0806,Rahul Malhotra,57,Female,Salaried,37553,232478,36,656,21.7,6887,0,0,30.6,3.4,294397,0,Education,0
LNDF0807,Karan Singh,53,Male,Salaried,59480,893510,48,784,16.1,20663,1,0,26.4,6.9,47252,1240877,Business,0
LNDF0808,Nikhil Kapoor,42,Female,Self-Employed,61431,2269933,48,786,30.7,54848,1,0,45.5,0.5,250492,2839363,Business,0
LNDF0809,Vikram Verma,41,Male,Salaried,37327,376664,36,584,6.5,12207,1,0,59.4,6.7,198306,0,Education,1
LNDF0810,Yash Agarwal,26,Male,Contract,37008,418765,12,606,15.7,37843,1,1,71.3,9.6,123296,0,Vehicle,1
LNDF0811,Ananya Sharma,26,Male,Salaried,84802,116466,60,662,61.4,2218,2,0,33.0,12.1,129288,0,Personal,1
LNDF0812,Pooja Joshi,24,Female,Contract,53707,1051460,36,738,13.1,31047,2,0,17.4,11.4,82633,528830,Medical,0
LNDF0813,Riya Bansal,50,Male,Salaried,38701,825574,36,561,18.4,24179,2,0,61.1,12.4,99155,513927,Home,1
LNDF0814,Sneha Mehta,31,Male,Salaried,46554,192722,12,676,36.0,18033,3,0,5.0,5.2,233623,0,Vehicle,0
LNDF0815,Kavya Sinha,50,Female,Self-Employed,34903,160601,36,649,36.7,5087,4,0,44.1,2.9,140210,195113,Business,1
LNDF0816,Simran Gupta,51,Female,Self-Employed,53362,171148,60,766,31.7,3290,1,0,47.0,10.3,294144,73112,Home,0
LNDF0817,Meera Chauhan,44,Male,Self-Employed,79963,712978,36,571,7.0,21671,2,0,36.7,4.9,88808,993485,Medical,0
LNDF0818,Isha Patel,29,Male,Salaried,54319,753217,36,686,46.9,21987,0,0,11.0,7.0,340257,0,Business,0
LNDF0819,Priya Mishra,23,Female,Contract,159329,300899,48,654,28.8,6973,0,1,37.0,10.0,587547,244974,Personal,0
LNDF0820,Neha Kumar,51,Female,Salaried,66483,657997,48,776,52.1,14422,2,0,81.1,15.1,178904,321891,Vehicle,0
LNDF0821,Aarav Malhotra,60,Female,Salaried,60996,545657,36,719,26.0,16096,3,1,58.0,9.1,287586,679815,Home,0
LNDF0822,Vivaan Singh,57,Female,Salaried,36547,408548,36,642,48.8,12398,1,0,70.6,7.8,297864,226927,Vehicle,1
LNDF0823,Aditya Kapoor,56,Female,Self-Employed,49402,852537,60,735,53.1,15727,1,0,18.2,2.5,114557,1170731,Education,0
LNDF0824,Arjun Verma,44,Male,Self-Employed,38736,257725,48,655,28.5,5833,2,0,50.6,11.7,298863,253407,Education,1
LNDF0825,Rohan Agarwal,51,Female,Salaried,20755,939882,24,745,47.3,44082,0,0,46.9,8.6,23368,0,Vehicle,0
LNDF0826,Rahul Sharma,26,Female,Salaried,85264,334930,12,665,16.4,29507,2,0,47.4,5.6,16331,240948,Personal,0
LNDF0827,Karan Joshi,22,Male,Salaried,43693,1332022,36,749,38.7,39546,0,0,57.2,5.2,133811,1198484,Personal,0
LNDF0828,Nikhil Bansal,40,Female,Salaried,39062,287634,24,708,52.1,13667,0,0,48.2,5.4,318326,334712,Education,0
LNDF0829,Vikram Mehta,48,Female,Salaried,60467,412091,24,850,42.3,18346,1,0,18.8,7.2,166736,541942,Business,0
LNDF0830,Yash Sinha,31,Female,Self-Employed,69266,516374,60,677,68.7,9752,1,0,58.5,1.2,352215,445885,Education,1
LNDF0831,Ananya Gupta,24,Male,Self-Employed,47607,514597,24,705,43.0,22666,1,0,63.5,11.9,61032,711006,Education,0
LNDF0832,Pooja Chauhan,35,Female,Contract,54936,654953,48,649,29.9,15050,0,0,74.0,11.1,398422,346985,Personal,1
LNDF0833,Riya Patel,26,Female,Salaried,76947,246530,36,680,74.8,7348,2,0,75.0,6.3,779684,0,Personal,1
LNDF0834,Sneha Mishra,50,Female,Salaried,46770,489844,48,504,57.9,10861,0,0,55.5,5.4,96177,383557,Home,1
LNDF0835,Kavya Kumar,58,Female,Salaried,63016,539466,48,710,12.6,12629,0,0,19.9,6.9,360271,0,Home,0
LNDF0836,Simran Malhotra,22,Male,Self-Employed,26067,374036,12,767,24.0,36490,2,0,11.4,7.6,183735,308704,Education,0
LNDF0837,Meera Singh,35,Male,Salaried,31461,624431,36,706,20.5,18336,4,0,40.0,5.8,267900,854369,Vehicle,1
LNDF0838,Isha Kapoor,31,Female,Contract,72228,238437,24,595,44.0,10976,0,0,65.2,11.0,778281,0,Personal,1
LNDF0839,Priya Verma,28,Female,Salaried,30730,417823,60,628,43.0,7952,0,0,63.8,1.3,241660,347662,Home,1
LNDF0840,Neha Agarwal,46,Female,Salaried,61111,330417,60,522,42.9,6114,3,0,51.0,4.2,358151,454343,Vehicle,1
LNDF0841,Aarav Sharma,25,Female,Salaried,51480,418518,36,744,12.2,13426,1,1,44.2,10.1,57755,0,Education,0
LNDF0842,Vivaan Joshi,26,Female,Self-Employed,46680,1108184,36,615,26.1,33041,0,1,86.9,8.3,348359,1317316,Home,1
LNDF0843,Aditya Bansal,46,Female,Self-Employed,37884,1120084,36,678,32.9,36550,1,0,57.6,4.3,766599,503935,Business,0
LNDF0844,Arjun Mehta,24,Female,Salaried,82809,1005597,48,670,9.5,23046,0,0,43.1,8.6,78399,1018714,Personal,0
LNDF0845,Rohan Sinha,39,Male,Salaried,119795,387752,36,777,22.8,11788,1,1,30.8,3.8,134590,0,Education,0
LNDF0846,Rahul Gupta,40,Female,Salaried,62955,823693,36,686,54.0,26626,0,0,22.8,5.8,333776,0,Home,0
LNDF0847,Karan Chauhan,53,Male,Self-Employed,63590,531874,36,733,13.2,16596,1,0,20.6,11.2,269337,544371,Home,0
LNDF0848,Nikhil Patel,40,Male,Salaried,40459,512696,24,716,55.4,23865,1,0,22.8,10.7,52942,660291,Vehicle,0
LNDF0849,Vikram Mishra,32,Female,Salaried,32107,479172,48,768,50.3,11425,1,0,51.2,8.2,208800,0,Education,0
LNDF0850,Yash Kumar,21,Male,Salaried,54025,1315192,12,664,30.9,120000,3,0,44.6,2.8,133425,1880476,Vehicle,0
LNDF0851,Ananya Malhotra,46,Male,Contract,35486,1059783,48,802,25.9,23649,4,0,37.8,5.5,75276,1368567,Medical,0
LNDF0852,Pooja Singh,34,Male,Salaried,24771,753178,24,551,46.6,35702,1,0,61.2,7.4,610336,0,Education,1
LNDF0853,Riya Kapoor,58,Female,Self-Employed,78955,455294,24,736,24.0,20248,0,0,84.8,12.8,180887,376917,Business,0
LNDF0854,Sneha Verma,57,Male,Salaried,80706,510998,36,624,24.7,16391,3,0,26.9,0.0,436025,0,Home,1
LNDF0855,Kavya Agarwal,31,Male,Salaried,37370,669425,60,648,34.7,13150,0,0,30.2,3.5,62608,0,Business,0
LNDF0856,Simran Sharma,56,Female,Salaried,61382,375299,48,717,5.2,8593,2,0,5.0,11.5,305823,0,Vehicle,0
LNDF0857,Meera Joshi,33,Female,Salaried,86333,837718,24,716,14.7,38668,3,0,44.4,12.4,468004,1038356,Personal,0
LNDF0858,Isha Bansal,23,Male,Self-Employed,60316,301245,24,719,30.6,13255,3,0,42.2,6.7,144752,310627,Home,0
LNDF0859,Priya Mehta,53,Female,Salaried,32150,620250,60,590,41.7,10873,1,0,64.6,13.2,115065,764315,Business,1
LNDF0860,Neha Sinha,26,Female,Salaried,49528,141920,36,774,23.8,4612,0,0,43.1,4.1,55652,99424,Home,0
LNDF0861,Aarav Gupta,30,Male,Salaried,99923,369359,24,621,32.2,16417,5,0,32.1,1.0,82410,262970,Personal,1
LNDF0862,Vivaan Chauhan,25,Male,Self-Employed,61467,1567646,60,630,12.4,28948,1,0,49.2,10.2,119772,1755426,Business,1
LNDF0863,Aditya Patel,43,Male,Salaried,70101,884050,48,721,48.1,21291,0,0,57.3,12.2,74786,1201441,Medical,0
LNDF0864,Arjun Mishra,30,Female,Salaried,64140,1163416,60,661,38.1,22602,1,0,9.4,12.1,90180,1706487,Medical,0
LNDF0865,Rohan Kumar,22,Male,Salaried,37426,346398,60,700,39.3,6452,3,0,67.2,3.5,207523,268621,Personal,1
LNDF0866,Rahul Malhotra,33,Male,Contract,41594,529368,60,540,41.8,9912,1,0,73.7,7.8,231127,0,Personal,1
LNDF0867,Karan Singh,60,Female,Salaried,64060,1012020,12,698,36.1,95894,0,0,57.0,10.4,480447,0,Personal,0
LNDF0868,Nikhil Kapoor,22,Female,Self-Employed,79434,708259,24,694,28.2,34675,1,0,24.4,8.2,90682,768809,Personal,0
LNDF0869,Vikram Verma,40,Female,Salaried,90224,661374,36,647,50.8,20729,0,0,37.8,12.8,183795,0,Personal,0
LNDF0870,Yash Agarwal,21,Female,Salaried,37382,1225897,36,545,37.2,38232,2,0,71.0,5.4,123597,0,Vehicle,1
LNDF0871,Ananya Sharma,57,Male,Salaried,66836,282127,36,666,32.7,8244,0,0,23.5,6.7,115981,294229,Home,0
LNDF0872,Pooja Joshi,29,Male,Salaried,93832,451817,36,678,34.9,13310,1,0,58.8,7.9,135427,482169,Home,0
LNDF0873,Riya Bansal,37,Male,Self-Employed,35274,190540,36,656,34.6,5955,3,1,43.9,10.3,150867,206009,Business,1
LNDF0874,Sneha Mehta,29,Female,Salaried,107380,273773,36,561,32.5,8911,2,1,48.5,6.2,225498,364601,Vehicle,1
LNDF0875,Kavya Sinha,31,Male,Salaried,114991,902718,12,784,41.2,87464,1,0,26.6,10.7,133705,529976,Vehicle,0
LNDF0876,Simran Gupta,35,Female,Self-Employed,179221,301891,36,638,21.9,9876,1,0,52.3,13.4,543242,0,Education,0
LNDF0877,Meera Chauhan,44,Female,Salaried,61023,749305,36,666,22.9,23283,1,0,50.7,4.9,38822,782726,Business,0
LNDF0878,Isha Patel,58,Female,Salaried,61174,1244856,48,523,42.8,29888,0,0,11.8,6.3,464757,0,Education,1
LNDF0879,Priya Mishra,55,Male,Self-Employed,79797,453385,24,784,33.0,21899,5,0,44.9,10.9,129193,669182,Vehicle,0
LNDF0880,Neha Kumar,50,Female,Salaried,78755,665496,36,650,48.6,20968,0,0,58.5,14.7,151867,458837,Vehicle,0
LNDF0881,Aarav Malhotra,51,Male,Self-Employed,91304,752522,48,686,40.7,17152,2,0,36.5,9.5,178449,689755,Home,0
LNDF0882,Vivaan Singh,25,Male,Salaried,78269,255388,36,753,27.3,7882,1,0,5.0,3.9,339690,0,Personal,0
LNDF0883,Aditya Kapoor,34,Male,Salaried,52437,356224,12,636,43.1,34480,4,0,42.5,7.8,81507,173862,Vehicle,1
LNDF0884,Arjun Verma,31,Female,Salaried,95319,287895,36,743,51.8,8707,1,0,77.3,10.8,99662,375057,Personal,0
LNDF0885,Rohan Agarwal,29,Male,Self-Employed,33963,372192,36,546,41.3,12097,0,0,37.4,3.7,282438,0,Education,1
LNDF0886,Rahul Sharma,54,Male,Salaried,55145,741347,60,716,44.3,13343,0,0,76.4,2.7,39040,322473,Home,0
LNDF0887,Karan Joshi,32,Female,Salaried,111165,360413,24,782,32.6,17231,2,0,27.1,5.6,174549,502129,Home,0
LNDF0888,Nikhil Bansal,55,Male,Self-Employed,31335,490426,48,642,48.9,11566,0,0,19.5,9.6,87795,217316,Home,1
LNDF0889,Vikram Mehta,55,Female,Salaried,40547,281816,12,753,26.9,26947,3,0,44.9,1.5,72643,0,Home,0
LNDF0890,Yash Sinha,21,Male,Self-Employed,74412,981557,36,799,39.7,30179,1,0,26.9,4.2,41196,445563,Home,0
LNDF0891,Ananya Gupta,60,Female,Salaried,65667,370479,36,663,71.0,12053,2,0,52.3,8.1,360694,177208,Personal,1
LNDF0892,Pooja Chauhan,42,Female,Salaried,37098,1155453,36,658,42.5,36340,2,0,36.8,11.4,207660,1589816,Personal,0
LNDF0893,Riya Patel,49,Female,Salaried,45606,517039,36,622,29.1,15619,1,0,77.4,8.2,98288,642374,Personal,1
LNDF0894,Sneha Mishra,28,Female,Salaried,32330,230617,24,647,29.1,10887,4,0,35.3,8.5,155222,0,Personal,1
LNDF0895,Kavya Kumar,31,Female,Self-Employed,85503,455112,36,627,34.0,13745,2,0,47.0,11.0,67314,0,Vehicle,1
LNDF0896,Simran Malhotra,57,Male,Self-Employed,49018,278685,36,622,46.9,8424,2,0,58.1,13.4,111095,355085,Vehicle,1
LNDF0897,Meera Singh,34,Male,Salaried,123199,691422,36,758,37.0,21164,0,1,66.0,12.9,150573,953160,Home,0
LNDF0898,Isha Kapoor,50,Male,Self-Employed,57044,433052,60,629,25.9,8378,1,0,77.6,0.0,190664,396302,Home,1
LNDF0899,Priya Verma,55,Male,Salaried,49822,546959,36,697,25.9,16941,0,0,39.8,7.4,256163,0,Business,0
LNDF0900,Neha Agarwal,41,Female,Contract,47692,408080,36,682,37.1,12903,1,0,36.2,10.7,35435,391200,Personal,0
LNDF0901,Aarav Sharma,57,Female,Contract,49276,368400,12,777,35.6,33799,2,1,5.0,13.8,256882,426258,Business,0
LNDF0902,Vivaan Joshi,25,Male,Salaried,57812,292691,36,647,41.4,8815,2,0,89.9,9.6,38092,0,Personal,1
LNDF0903,Aditya Bansal,39,Female,Salaried,170360,791976,48,705,47.8,19372,2,0,52.9,3.6,265426,522345,Education,1
LNDF0904,Arjun Mehta,34,Male,Self-Employed,47221,454580,36,731,73.2,14249,5,0,61.5,4.1,148558,0,Vehicle,1
LNDF0905,Rohan Sinha,46,Female,Salaried,47917,420535,48,777,14.5,10263,1,1,57.2,4.2,480713,326428,Vehicle,0
LNDF0906,Rahul Gupta,24,Female,Self-Employed,56648,448357,24,646,44.6,20110,1,0,46.1,8.2,98094,260423,Personal,0
LNDF0907,Karan Chauhan,45,Male,Salaried,89833,344204,48,640,36.4,7666,1,0,52.7,5.1,363476,245272,Personal,1
LNDF0908,Nikhil Patel,45,Male,Salaried,29017,421308,24,611,9.2,20385,1,0,32.7,0.0,62948,512852,Vehicle,0
LNDF0909,Vikram Mishra,38,Female,Salaried,67500,559870,60,825,52.5,10624,5,0,38.4,2.3,197998,518034,Home,0
LNDF0910,Yash Kumar,60,Male,Salaried,38072,283109,36,770,40.9,8448,1,1,24.1,5.2,28753,230039,Education,0
LNDF0911,Ananya Malhotra,28,Male,Salaried,70549,306576,36,677,46.2,9240,1,0,79.3,1.6,398502,0,Medical,1
LNDF0912,Pooja Singh,59,Male,Salaried,44042,1067062,36,806,11.2,34208,2,0,57.4,2.1,851622,655158,Personal,0
LNDF0913,Riya Kapoor,60,Male,Salaried,19501,409564,36,673,31.9,12617,2,0,88.5,15.2,96020,0,Home,1
LNDF0914,Sneha Verma,34,Female,Self-Employed,64952,369167,60,727,19.9,6997,2,1,95.5,7.0,201004,0,Education,1
LNDF0915,Kavya Agarwal,52,Female,Salaried,64706,238765,24,681,65.3,10858,0,0,14.1,5.5,268382,0,Medical,0
LNDF0916,Simran Sharma,58,Female,Self-Employed,42383,798297,24,706,51.0,36574,2,0,66.7,9.7,44600,0,Personal,0
LNDF0917,Meera Joshi,53,Female,Salaried,41268,279737,36,699,25.5,9160,2,0,15.1,11.6,91722,248297,Vehicle,0
LNDF0918,Isha Bansal,43,Male,Self-Employed,30484,495812,36,652,13.5,14905,2,0,48.9,16.0,86752,715336,Business,0
LNDF0919,Priya Mehta,35,Male,Contract,77885,195411,36,751,37.7,6057,2,1,51.9,13.8,1570759,107110,Medical,0
LNDF0920,Neha Sinha,53,Male,Salaried,81804,784152,48,727,50.3,18947,3,1,16.7,8.7,461360,975436,Education,0
LNDF0921,Aarav Gupta,45,Female,Contract,37031,955160,36,747,10.7,28684,2,0,28.8,0.9,148055,1031002,Education,0
LNDF0922,Vivaan Chauhan,37,Female,Salaried,43136,652685,60,701,22.0,12009,3,1,52.9,3.0,362888,849842,Personal,1
LNDF0923,Aditya Patel,53,Female,Salaried,53456,215001,36,621,19.5,6748,0,0,48.9,5.4,217692,0,Personal,1
LNDF0924,Arjun Mishra,22,Female,Self-Employed,152814,793083,24,791,47.1,36764,1,0,22.6,9.0,306952,0,Vehicle,0
LNDF0925,Rohan Kumar,34,Male,Salaried,70291,317211,48,663,29.8,7334,1,0,29.6,7.4,69741,345641,Medical,0
LNDF0926,Rahul Malhotra,60,Male,Salaried,35974,262585,48,704,30.4,6002,4,1,12.2,1.1,619551,331661,Personal,0
LNDF0927,Karan Singh,60,Male,Salaried,63057,404926,36,721,37.4,12668,0,0,18.5,0.4,90196,552862,Business,0
LNDF0928,Nikhil Kapoor,59,Female,Self-Employed,29601,400517,36,703,22.7,12585,0,0,36.8,8.0,94498,475030,Home,0
LNDF0929,Vikram Verma,26,Female,Self-Employed,75977,378733,24,740,14.8,17910,1,1,66.7,7.5,306176,369893,Medical,0
LNDF0930,Yash Agarwal,26,Female,Salaried,116901,1007401,36,750,54.2,29639,1,0,69.5,6.2,245707,0,Business,0
LNDF0931,Ananya Sharma,23,Female,Contract,117125,1511885,60,665,55.5,28525,0,0,85.3,8.9,183791,2025838,Vehicle,1
LNDF0932,Pooja Joshi,27,Female,Self-Employed,76557,235470,24,786,37.5,11518,4,0,54.3,12.0,383215,218666,Personal,0
LNDF0933,Riya Bansal,28,Female,Contract,42300,342321,36,663,38.5,10653,0,0,49.1,8.2,63308,370659,Personal,0
LNDF0934,Sneha Mehta,35,Male,Salaried,30628,540838,48,702,52.7,12879,1,1,55.9,3.2,946599,0,Home,0
LNDF0935,Kavya Sinha,49,Female,Self-Employed,29290,403757,60,655,37.2,7553,3,1,55.7,14.7,114705,0,Business,1
LNDF0936,Simran Gupta,53,Female,Self-Employed,18000,622832,36,636,29.1,20088,1,0,9.4,6.3,166232,0,Medical,0
LNDF0937,Meera Chauhan,50,Female,Salaried,75156,827493,36,748,35.6,26913,1,0,86.6,7.2,959873,862644,Business,0
LNDF0938,Isha Patel,59,Male,Contract,52513,755031,36,850,54.5,22524,1,0,5.0,4.4,95055,674553,Business,0
LNDF0939,Priya Mishra,47,Male,Salaried,82804,699217,60,656,35.7,12898,4,0,70.3,2.7,452006,451534,Vehicle,1
LNDF0940,Neha Kumar,56,Female,Salaried,104579,1245274,60,759,25.6,22851,1,0,46.2,3.0,148423,922296,Personal,0
LNDF0941,Aarav Malhotra,49,Male,Contract,57529,208656,24,659,37.1,9587,1,0,21.0,2.1,84378,0,Business,0
LNDF0942,Vivaan Singh,58,Male,Contract,58734,1128526,36,679,44.2,33427,4,0,56.7,0.0,127433,729716,Personal,1
LNDF0943,Aditya Kapoor,53,Male,Salaried,44629,398402,36,794,42.5,12791,2,0,42.4,6.4,299648,431828,Education,0
LNDF0944,Arjun Verma,57,Female,Salaried,47068,770028,48,610,42.7,16919,0,0,30.0,11.4,448450,0,Medical,1
LNDF0945,Rohan Agarwal,47,Male,Self-Employed,76336,283806,36,593,23.4,8819,5,0,14.6,3.1,220523,416474,Business,1
LNDF0946,Rahul Sharma,53,Male,Contract,50849,303365,48,674,45.8,7180,0,0,12.8,17.2,42726,0,Personal,0
LNDF0947,Karan Joshi,24,Male,Salaried,47645,719655,60,723,35.4,12917,1,0,31.6,12.5,318918,373454,Medical,0
LNDF0948,Nikhil Bansal,42,Female,Self-Employed,54549,173089,12,710,25.0,16844,2,0,36.5,6.9,158386,165593,Home,0
LNDF0949,Vikram Mehta,22,Male,Self-Employed,81956,861609,24,703,45.7,41609,0,0,18.4,2.6,66735,844222,Vehicle,0
LNDF0950,Yash Sinha,30,Female,Salaried,40271,999833,36,682,28.6,30863,1,0,45.8,0.6,245847,0,Vehicle,0
LNDF0951,Ananya Gupta,25,Male,Contract,53378,551361,36,731,13.0,16900,1,0,21.5,6.5,499403,721423,Personal,0
LNDF0952,Pooja Chauhan,30,Female,Salaried,61418,540544,12,491,21.0,48683,2,0,52.9,7.3,181092,510380,Business,1
LNDF0953,Riya Patel,53,Female,Self-Employed,92706,316116,24,631,32.5,15080,1,0,72.1,6.2,413210,246984,Personal,1
LNDF0954,Sneha Mishra,58,Female,Salaried,49385,724553,48,674,43.1,16108,0,0,51.4,11.3,272902,0,Business,1
LNDF0955,Kavya Kumar,33,Female,Salaried,39818,605360,60,726,22.9,11486,1,0,42.9,13.0,276091,0,Education,0
LNDF0956,Simran Malhotra,51,Female,Self-Employed,44229,301202,36,777,31.6,9701,1,0,33.2,8.9,136731,185663,Business,0
LNDF0957,Meera Singh,56,Male,Contract,88341,403144,36,622,18.0,12091,3,0,76.8,9.1,376073,232396,Business,1
LNDF0958,Isha Kapoor,44,Male,Self-Employed,137321,458048,24,775,48.7,22189,1,0,40.7,5.7,409820,0,Personal,0
LNDF0959,Priya Verma,35,Male,Self-Employed,30452,402851,48,651,59.0,8849,2,0,98.0,7.0,367366,0,Home,1
LNDF0960,Neha Agarwal,49,Female,Salaried,33597,236277,48,672,57.5,5753,1,1,19.0,8.6,135714,0,Education,1
LNDF0961,Aarav Sharma,28,Female,Self-Employed,50977,734411,36,718,48.5,21734,1,0,51.4,5.7,436823,561146,Home,0
LNDF0962,Vivaan Joshi,25,Female,Salaried,57816,437325,24,667,47.1,20663,2,0,76.1,9.6,254841,258375,Vehicle,1
LNDF0963,Aditya Bansal,49,Male,Salaried,78372,504243,24,752,6.0,22744,1,1,29.8,2.8,75028,0,Home,0
LNDF0964,Arjun Mehta,24,Female,Salaried,36830,363784,12,654,37.5,35128,1,0,39.8,4.1,127691,393288,Business,0
LNDF0965,Rohan Sinha,32,Female,Self-Employed,34088,649373,36,655,28.1,20141,1,0,58.8,2.8,111675,435495,Personal,1
LNDF0966,Rahul Gupta,22,Female,Contract,58526,557739,48,748,47.3,12405,4,0,53.5,4.3,30080,761318,Vehicle,1
LNDF0967,Karan Chauhan,47,Female,Self-Employed,48962,974222,60,630,5.0,18254,3,0,57.3,5.9,444091,501024,Vehicle,1
LNDF0968,Nikhil Patel,51,Male,Salaried,83459,651279,36,696,37.7,19955,1,0,70.5,11.1,2933715,0,Personal,0
LNDF0969,Vikram Mishra,56,Female,Salaried,68487,447256,48,572,32.0,10585,1,0,37.4,7.2,534040,0,Vehicle,1
LNDF0970,Yash Kumar,56,Female,Salaried,70616,332874,60,798,50.7,6461,2,0,76.6,1.9,208415,442791,Education,0
LNDF0971,Ananya Malhotra,46,Female,Salaried,52474,805032,36,758,56.7,24670,0,0,7.2,1.4,113151,0,Medical,0
LNDF0972,Pooja Singh,47,Female,Salaried,158752,428029,36,850,22.0,12932,1,0,68.7,5.3,78287,0,Vehicle,0
LNDF0973,Riya Kapoor,25,Male,Self-Employed,37726,454939,60,767,22.6,7976,2,0,70.2,10.3,206136,0,Home,0
LNDF0974,Sneha Verma,40,Female,Contract,72399,454875,36,607,38.2,14211,1,0,28.0,12.6,430279,0,Business,0
LNDF0975,Kavya Agarwal,31,Male,Salaried,31062,400905,60,723,59.3,7365,1,0,13.1,0.6,98085,0,Personal,0
LNDF0976,Simran Sharma,30,Male,Salaried,33929,459258,60,620,35.8,8410,3,0,39.9,8.5,1809473,0,Business,1
LNDF0977,Meera Joshi,60,Female,Self-Employed,41847,1442340,48,783,17.1,32266,5,0,53.9,5.4,51799,1514640,Medical,0
LNDF0978,Isha Bansal,58,Female,Self-Employed,114495,280986,48,608,26.5,6474,1,0,37.6,5.7,220303,0,Medical,1
LNDF0979,Priya Mehta,26,Male,Self-Employed,61935,319460,48,605,37.8,7840,1,0,56.0,2.7,191756,129856,Personal,0
LNDF0980,Neha Sinha,28,Female,Salaried,42166,1070613,48,575,38.4,24283,0,0,87.6,6.1,181077,469501,Personal,1
LNDF0981,Aarav Gupta,43,Female,Salaried,65094,406859,36,648,25.1,12748,1,0,15.0,2.6,107877,459835,Vehicle,0
LNDF0982,Vivaan Chauhan,46,Male,Contract,55877,390242,12,635,26.2,37429,0,0,5.0,5.9,193868,380714,Medical,0
LNDF0983,Aditya Patel,32,Male,Salaried,44077,883405,36,598,21.3,28156,3,0,43.5,11.6,120081,0,Business,1
LNDF0984,Arjun Mishra,46,Male,Self-Employed,29337,228949,48,809,51.0,5212,1,0,30.0,9.5,573672,167236,Medical,0
LNDF0985,Rohan Kumar,33,Male,Salaried,105075,785569,24,714,23.3,36968,2,0,34.4,14.7,774063,0,Home,0
LNDF0986,Rahul Malhotra,60,Male,Salaried,60446,512703,12,707,28.5,49701,2,0,72.9,9.1,126883,0,Medical,0
LNDF0987,Karan Singh,38,Male,Self-Employed,146279,645645,24,783,28.1,28301,0,0,42.3,7.7,40955,0,Vehicle,0
LNDF0988,Nikhil Kapoor,45,Female,Salaried,83972,639013,48,697,12.5,14733,1,0,44.4,9.2,239568,942994,Education,0
LNDF0989,Vikram Verma,53,Female,Self-Employed,70487,353972,60,631,22.9,6367,3,1,35.4,3.9,231920,340921,Education,1
LNDF0990,Yash Agarwal,60,Female,Salaried,45218,891370,60,569,52.2,16350,1,0,44.1,0.0,197877,973756,Home,1
LNDF0991,Ananya Sharma,32,Female,Contract,33597,369456,36,628,18.1,11331,1,0,50.9,10.2,290794,420396,Business,1
LNDF0992,Pooja Joshi,56,Female,Salaried,49867,626078,60,778,21.5,11969,0,0,98.0,0.0,624113,0,Business,0
LNDF0993,Riya Bansal,24,Female,Salaried,33162,987678,48,598,16.3,21856,2,0,51.2,11.5,380936,0,Education,1
LNDF0994,Sneha Mehta,25,Female,Salaried,73694,1067425,36,703,33.7,33109,0,0,70.6,10.0,290397,1448808,Personal,1
LNDF0995,Kavya Sinha,57,Female,Self-Employed,114666,431682,36,747,61.4,13470,0,0,49.1,3.6,354774,0,Vehicle,0
LNDF0996,Simran Gupta,28,Female,Self-Employed,48907,645053,24,699,33.1,29948,1,0,5.0,5.3,225718,724202,Home,0
LNDF0997,Meera Chauhan,48,Male,Salaried,84129,410300,60,706,35.9,7831,0,0,32.5,7.0,76866,505833,Education,1
LNDF0998,Isha Patel,51,Male,Salaried,40333,1981672,36,723,23.9,60545,2,0,51.1,3.3,664057,0,Business,0
LNDF0999,Priya Mishra,29,Female,Self-Employed,48001,767914,36,705,34.1,25018,3,0,60.9,9.2,197410,588111,Education,1
LNDF1000,Neha Kumar,49,Female,Self-Employed,38115,523659,48,785,52.2,12138,0,0,49.6,9.5,76831,0,Home,0
